label,acc_x_mean_t,acc_x_median_t,acc_x_std_t,acc_x_min_t,acc_x_max_t,acc_x_iqr_t,acc_x_skew_t,acc_x_kurtosis_t,acc_x_mean,acc_x_median,acc_x_std,acc_x_min,acc_x_max,acc_x_iqr,acc_x_skew,acc_x_kurtosis,acc_x_energy,acc_x_entropy,acc_y_mean_t,acc_y_median_t,acc_y_std_t,acc_y_min_t,acc_y_max_t,acc_y_iqr_t,acc_y_skew_t,acc_y_kurtosis_t,acc_y_mean,acc_y_median,acc_y_std,acc_y_min,acc_y_max,acc_y_iqr,acc_y_skew,acc_y_kurtosis,acc_y_energy,acc_y_entropy,acc_z_mean_t,acc_z_median_t,acc_z_std_t,acc_z_min_t,acc_z_max_t,acc_z_iqr_t,acc_z_skew_t,acc_z_kurtosis_t,acc_z_mean,acc_z_median,acc_z_std,acc_z_min,acc_z_max,acc_z_iqr,acc_z_skew,acc_z_kurtosis,acc_z_energy,acc_z_entropy,gyro_x_mean_t,gyro_x_median_t,gyro_x_std_t,gyro_x_min_t,gyro_x_max_t,gyro_x_iqr_t,gyro_x_skew_t,gyro_x_kurtosis_t,gyro_x_mean,gyro_x_median,gyro_x_std,gyro_x_min,gyro_x_max,gyro_x_iqr,gyro_x_skew,gyro_x_kurtosis,gyro_x_energy,gyro_x_entropy,gyro_y_mean_t,gyro_y_median_t,gyro_y_std_t,gyro_y_min_t,gyro_y_max_t,gyro_y_iqr_t,gyro_y_skew_t,gyro_y_kurtosis_t,gyro_y_mean,gyro_y_median,gyro_y_std,gyro_y_min,gyro_y_max,gyro_y_iqr,gyro_y_skew,gyro_y_kurtosis,gyro_y_energy,gyro_y_entropy,gyro_z_mean_t,gyro_z_median_t,gyro_z_std_t,gyro_z_min_t,gyro_z_max_t,gyro_z_iqr_t,gyro_z_skew_t,gyro_z_kurtosis_t,gyro_z_mean,gyro_z_median,gyro_z_std,gyro_z_min,gyro_z_max,gyro_z_iqr,gyro_z_skew,gyro_z_kurtosis,gyro_z_energy,gyro_z_entropy,msg_id
Normal Walk,-1.5677116875,-1.7674415,0.9196520712505368,-3.591533,0.961123,1.39293,0.3214360289723256,-0.0411097547518068,8.02348000316676,3.3263643021608704,17.445071114235585,0.1515841270489698,100.333548,5.372935216810403,4.649096602645109,21.55632038828708,11798.615601342515,1.0399237853673748,-0.4744966562499999,-0.0608105,1.3263286808376844,-3.823845,2.191627,2.2793295,-0.5797157333069991,-0.4491120961304964,9.46553161218796,7.655509858707989,7.169708668554182,1.24425966637228,30.367786,5.840871981673699,1.4841371257233964,1.6621260249366523,4512.032354984658,3.828745373702152,10.168353078125,9.766407,1.1510994263994327,6.058322,13.407,1.1725244999999995,0.0537287647750874,2.1113053419940204,27.8923533671528,6.994061375014511,111.98790297724416,0.254897785607156,650.7745970000001,6.321505601272364,5.370600901146937,26.909472396130028,426216.7612671607,0.0810543285472243,0.0458785,0.0379015,0.215649167856324,-0.559508,0.576688,0.2011125,-0.6535564570737762,1.5658300061495138,1.4738684188887683,1.3907911930227248,1.034981150761336,0.1863894952819571,4.065070735965222,1.500134593998232,0.75547391962728,-0.3070941735345318,103.791171156126,4.061406203657502,-0.12109171875,-0.2246125,0.542571883587974,-0.874248,1.110098,0.8193714999999999,0.5242968460934546,-0.6333143645402641,2.362350404918105,1.0123680803315465,3.890541225971494,0.071180564724363,19.09880856418709,1.5919826501473886,3.10269334084566,9.404050971671651,662.9443349312161,2.055000872247921,0.0024927812499999,0.0087335,0.1410529099143151,-0.304892,0.28772,0.2090395,-0.1949129782684664,-0.8103269816928682,0.822638677674953,0.4688898348927373,0.7721563535299729,0.1594967611295533,4.186130250863622,0.7381172011918111,2.67366340953081,8.617799869205866,40.73471450571199,3.255796038044949,window_0
Normal Walk,-1.353873546875,-1.007599,1.1851551787933845,-3.689244,1.073814,1.88272475,-0.3869721924649528,-0.8934399340427328,9.94419640592932,6.317460413689775,15.017811237108566,0.5795959960623469,86.647907,6.477318958807161,4.163639783021003,18.34681761892133,10381.4942884199,1.8837565696361496,-0.824163953125,-0.5263665,0.859554516617773,-3.490039,0.158633,1.04537125,-1.2509023157091017,0.7167613371831032,7.097981755910024,4.01398376777199,9.144069529560111,0.9538530289449884,52.746493,4.401688030620589,3.9175857645619576,16.531082665753093,4287.85128219716,2.2803403853064066,9.46423775,9.337969,1.572839118011816,4.492938,13.57981,0.997053750000001,0.2370189574882991,1.752138546886871,28.558878723704836,8.089609522056506,103.9600032002916,0.8176042546126633,605.7112159999999,9.711276403465291,5.338976188802267,26.687531169292992,371945.3382195175,0.1551706201017836,-0.18649346875,-0.1832625,0.1925289057723677,-0.89525,0.249739,0.1970495,-0.8605833524439402,2.094985133600934,1.6355099588156574,1.1290034081425606,2.0325441690277284,0.03773123661824,11.935582,0.7565412971984353,4.08455888226706,17.733005674983744,217.796115981882,2.3150594404114075,-0.485158546875,-0.0503455,1.0825791484903788,-3.034459,0.544132,0.8515477499999999,-1.4209205315582705,0.646200503094017,6.064610246950888,2.859600976560919,8.267573895746255,0.2371437817586981,33.432759283191054,3.516702558327772,2.2778853869853366,4.062335486777883,3364.2328182094925,2.6369353157996747,0.06332121875,0.080146,0.1559826296277157,-0.246537,0.584559,0.17106925,0.4218196970417389,1.0910176615915583,1.0750183015109582,0.7942772767568653,0.9540514761471508,0.0759091099806683,4.052557999999999,0.6255305822429453,1.8641105861232763,2.9497590455182143,66.10811416710601,3.503042724809959,window_1
Normal Walk,-0.8387519218749999,-0.9933175,0.818528450353787,-2.453313,2.16134,1.12424675,0.9839930482342096,1.720787172793103,6.425654101024765,3.156536343555137,9.559881200230365,0.2970941350776447,53.680123,5.73221727528405,3.825846049249589,15.839020403677877,4245.771494033099,2.030350189631404,-1.2325428125,-0.8355075,1.3281861016147158,-4.699308,0.967353,1.69357575,-0.7168444040644891,-0.204998214975395,10.473081876726134,6.465590717857419,14.040499773172847,1.7640378044171308,78.88274,7.960048392417098,3.7954244513552,15.087350541716884,9818.27449206644,2.2121532683123992,9.9246103125,10.0616935,2.179234847810407,4.414341,14.1955,2.7398392499999997,-0.4875343433635244,0.0377102369176323,33.1691249287178,10.11871376677898,108.68060506692186,3.0454025981053627,635.17506,12.311784069794731,5.301814859664369,26.422481672617163,413173.272519972,0.2473986492595679,0.0245656718749999,0.016851,0.1908585524596729,-0.365523,0.429868,0.263664,0.0748784584628575,-0.6557908252739475,1.2969750893917784,1.040627284713227,0.8448256099886462,0.0760840254567119,3.342644450155744,0.920217441094235,0.9052339122284268,-0.1423046479530492,76.66799020145599,4.119845310522604,0.355209984375,0.1368435,0.4954454526312183,-0.320272,1.406404,0.8161745,0.6360502875199961,-0.9599674590903896,2.721133731669608,1.05994482197252,4.944348641985182,0.090843508574393,22.733439,1.338886344650717,3.1001467591474285,8.642960267264499,1019.236872932188,1.869946130103589,-0.039574984375,-0.007787,0.1974109877886021,-0.602531,0.264005,0.290045,-0.7542738730598272,0.1209486788569642,1.3278115360632037,0.9567926333570184,0.962317693589337,0.2810116977560815,3.493973071555976,1.427438593657144,0.8973549375996648,-0.3598247929973244,86.052442198324,3.9879219150188985,window_2
Normal Walk,-2.2160285238095234,-2.6701995,0.9338863639736708,-3.144915,1.168468,0.6248087499999997,1.868476285166271,2.8686953880531734,9.070762838168204,4.061800300164568,19.15256359351141,1.425780117677122,93.073198,2.4155869013069013,3.9987463137335952,14.631399133009833,9431.088044065633,0.6494185601979041,-1.6221641666666669,-1.840397,0.571712555120762,-2.48539,0.006433,0.2171400000000001,1.6832224396010087,1.6738941323523129,6.306139064288268,3.085395838183085,13.950874757007997,0.161820227755893,68.13089500000001,1.6479890118399836,4.125718356173099,15.372515923531507,4922.280224061173,0.5138405254646489,9.562346261904764,9.404381,0.5910982396465019,8.1523,11.94098,0.3281577500000008,1.871824651876332,6.067267023868011,22.007981469382347,2.916385733329148,84.91828558958802,0.3360701182415515,401.618543,4.214495684441001,4.242773392661465,16.019042792139967,161604.79599246162,0.0261373588497186,-0.0854771428571428,-0.048033,0.1255826174564684,-0.536325,0.106116,0.1093832499999999,-1.366980003695743,2.3084049737318235,0.8715133851119334,0.6607839821973636,0.7151441506474168,0.210651243283801,3.59004,0.5602129973304679,2.629868381084716,7.253482648333394,26.690301469324,2.8893285508086883,0.2419570952380952,0.0654319999999999,0.2596542542392909,0.00721,0.968873,0.25893525,1.1520836755575414,0.1396941818840762,1.62105156657688,0.7749552828168758,2.262763606438853,0.3508871316706352,10.162198,0.7743692482063104,2.826743872853618,7.299219462376856,162.706053722636,1.7914098005588217,0.0041976904761904,-0.0081865,0.0753657988266902,-0.270785,0.190728,0.0425674999999999,-0.2781401739361805,3.429906898829447,0.3737140929308679,0.2762689188368413,0.3167819280892675,0.0431465006152142,1.2120243317297643,0.3082157148039234,1.4590316916574613,1.274575891398606,5.040273277601,3.0563350437954915,window_3
Limping,-1.99512571875,-1.790662,1.214604358581536,-4.285094,-0.307906,2.3364625,-0.3844763006283835,-1.1649432363669394,10.688529023948494,4.284386410080497,22.128699530328248,0.5481163711194492,127.688046,4.715945723479011,4.6341741621518935,21.472105849949656,19325.56785917885,1.1154946395283851,-1.468417,-1.225962,1.0682001911657435,-3.814517,-0.053745,1.3264675,-0.8885123378557435,-0.1781247449335654,8.103961196172486,2.7905234770851592,16.832284003620767,0.6884149327095858,93.978688,4.216352378844664,4.220668007326046,18.307640842130475,11167.999099123745,1.2997238601579957,9.63025440625,9.6470235,0.6992555771741457,8.009444,11.57337,0.7252915000000026,-0.1262957932734791,0.2704627746134114,23.611262173194916,4.002603070981242,106.5104299198586,0.372554430748745,616.336282,4.777845488087278,5.379469336402179,26.97172108699265,380862.8282599826,0.0362861074102073,0.042127171875,0.034304,0.3167766703724188,-0.720184,0.546045,0.46884075,-0.345283798206136,-0.6107111110135732,1.403031542465452,0.8005746284420769,2.1616315886457764,0.0924929279050523,12.224918575117432,1.0931374696564853,3.959689759982353,16.77465891630857,212.516756293896,1.913805648293203,0.15548803125,0.007876,0.7646713382530956,-0.847069,1.510858,1.446958,0.374599547668894,-1.2423949908403769,2.4420611095043023,0.912422341664722,5.877953601294452,0.135788357911981,33.152928988579426,0.977439030316456,4.519931847664638,20.39615817275692,1296.4480320487617,0.9595876383428004,-0.07806625,-0.0288375,0.1955720405232749,-0.525523,0.233095,0.19571675,-0.813237759431865,-0.2143665181048701,1.0544945552187075,0.5388080040059795,1.4545585654930158,0.1442325388478044,5.687509700545631,0.5161555180558125,2.315754734457966,4.024854369379304,103.28638039791998,2.59305479859636,window_4
Limping,-2.03164596875,-2.292151,1.434546812527021,-5.636927,0.97991,1.73997075,-0.3893510730672956,0.1938106181361201,12.241949566632142,6.850808249426587,22.58636657484501,0.967600201041477,130.02534200000002,5.543718487942892,4.459297702878145,20.192901902957534,21120.2970958477,1.3775008494304866,-1.599197859375,-0.9851295,1.7145413894164132,-6.031747,0.497946,2.71673475,-0.9114903219635244,-0.2478087389444776,13.386196824641464,8.066584410906625,18.33742227036792,1.5254593882525505,102.34866300000002,10.946662448629692,3.638296508401397,14.541850127973976,16494.442270394444,2.250539965458478,10.112027515625,10.11433,2.195204319048251,5.67836,14.90085,2.655059,-0.1178117013142546,-0.2760126545903576,33.30334119410421,8.340655302943599,110.84987261384718,2.371100658892309,647.169761,11.66517316761158,5.297646200329018,26.392664660693423,428697.8173823061,0.240098176489177,0.0685652343749999,0.076938,0.4214738102790589,-0.800123,0.968388,0.63578,-0.0530455047613137,-0.7936683538953724,2.3693015022754684,1.3036969102696283,2.5210183878915795,0.3917445619750196,12.534758085363215,2.357699469133766,2.2732829883031798,5.918603018218759,383.0119462647119,3.12159849236611,-0.103018109375,-0.0899155,0.1577861981888107,-0.444444,0.182009,0.22329575,-0.2674829771348307,-0.6301403588391921,1.1886863730020365,0.8685146013160465,1.240007165529453,0.1983881390118295,6.593159,0.7505692661774436,2.7684463006686477,8.81191698876698,94.418978045604,3.026330101897519,-0.0462614687499999,-0.064943,0.2467192559745266,-0.551903,0.520608,0.32202,0.2086176199579508,-0.3231764726169595,1.4523763959072369,0.944011203855418,1.4338190203585688,0.1163332410654301,5.889776939026067,1.3024206252342785,1.8101556289225864,2.908190080340475,133.28749371297602,3.3550006486681867,window_5
Limping,-1.64661703125,-1.8333185,1.1357532989844363,-3.515152,1.796515,1.89978075,0.6456412428367981,-0.0595110556299647,10.608462073865857,5.849740426918963,17.805472187344353,0.9665558718842776,105.38349,8.557416447968167,4.690955394753552,22.11045167797167,13746.377836382191,1.4669735247267852,-1.94959421875,-1.5515155,1.2837990758485085,-6.491639,-0.640888,0.9493947500000002,-1.9826813111817911,3.553582882378839,11.974468954908344,5.8474631249863975,21.16742244877251,0.8138741978885521,124.77403,10.011740497306208,4.697405046659099,22.221011463163567,18926.325756059592,1.376408623738216,9.414367765625002,8.870856,2.025055113740069,4.906825,14.1829,2.4428012499999987,0.3571427146367816,-0.3194066453065431,30.899219522994706,9.19393888192722,103.2092067056438,0.5063670534567699,602.5195369999999,21.326690190574357,5.298676865807487,26.40671590745975,371420.8677100329,0.2413011644619717,0.01214184375,-0.023918,0.3623136364865399,-0.596546,1.021681,0.51780325,0.4358516831755956,-0.2476141156622002,2.154439783150188,1.336655302470083,1.9342258890834785,0.0844212871343914,9.65288263124848,2.0113141578691,2.077212431462001,4.884389448535403,268.250898215072,3.455919621701709,0.730339171875,0.3850535,0.8282147256059181,-0.378628,2.421626,1.32391925,0.8641290079307254,-0.6362108661278296,5.237640199744021,1.834456087610852,9.205428294528549,0.8828292455566514,46.741707,2.7572195591749846,3.4176379907904235,11.426684428118005,3589.529118325804,1.8152530913625664,-0.0579150937499999,-0.0195115,0.2174652323074971,-0.587609,0.450262,0.1808615,-0.2879364860960072,0.2215784407398531,1.4763994977696189,0.9884978738589464,1.1296941142013532,0.0798348221683806,3.721455416107526,1.6231661202753769,0.7506410038752334,-0.7849055640823424,110.590856597618,3.953188100195156,window_6
Limping,-1.6326504375000002,-1.60207,0.8633424618904836,-4.266791,0.558737,1.2349815,-0.2233031840367067,0.4520502365435499,9.195629085619728,6.039305028612091,17.445131334590712,0.2116359259837638,104.489628,4.844346075328604,5.071787582417506,24.833202336234255,12444.550449965256,1.0647443450933485,-1.24153065625,-0.976572,1.2151218645057815,-5.253765,0.6677,1.20032275,-1.356149695343497,1.879100392525343,10.569557207693911,7.307187512031146,13.41763859787448,0.5021466393199485,79.45796200000001,5.940985729940427,4.252578653122959,18.83201314575393,9335.95408351633,2.210050670267293,9.564017,9.585106,1.7268463923224415,4.065821,13.24855,1.7937212500000008,-0.4588255444879881,1.881247181392812,30.10756835232474,11.165363960884704,104.84221946266324,0.8511815501929557,612.097088,15.54857633121579,5.336872047584244,26.675395764626742,380747.41292630887,0.1831622732803496,0.05537121875,0.038168,0.2783046386874501,-0.863541,0.66169,0.28125125,-0.5441635118100708,0.8445279858345285,1.7496969285515012,1.1714471101229944,1.5125051546517967,0.2383039068245157,6.658697840915165,1.4608971986006971,1.7662206559204106,2.9217267562034968,171.171557908186,3.5767529374203093,0.3593859375,0.261415,0.5373489924460718,-0.453504,1.541234,0.721913,0.7628782984605332,-0.3602773493850675,3.02306206889387,1.24933811269243,5.0864780954964415,0.1820262722209419,23.0007,2.01536237072836,2.912194001370402,7.714131825343694,1120.3572380272,2.085030330754607,-0.0122792343749999,-0.0116505,0.1778992554520625,-0.398421,0.630391,0.1815275,0.945981294409603,3.138909343868412,1.17616790481823,0.8913821895292654,0.8132712377647265,0.2668097832184671,3.2519406290779505,1.5287692505288977,0.696587683053598,-0.5810472825953665,65.432993487996,4.083700125868875,window_7
Limping,-4.17919174,-4.890753999999999,1.1603033140864298,-5.018826,-0.613183,1.6787967499999996,1.3644680316498232,0.8853562557913812,13.51377152521204,2.946859942074353,40.38875897901182,0.8887381774631707,208.959587,2.9926286430540165,4.521366022766758,18.93976521148185,45346.84681750849,0.3130620999221228,-3.4744844800000005,-3.8616445,0.9474058643544748,-5.483139,-1.285725,0.4674942500000001,1.0482648149917004,0.3572446479932312,12.302347447880974,4.683368651373977,33.17707857519554,0.3795860763406501,173.724224,3.637075040831916,4.592986546756071,19.42012523440891,31301.657387827054,0.3500962507499583,8.341177380000003,7.765728,0.9244897275985688,7.592986,10.83371,1.5228505000000006,1.0700494505943263,-0.3651639704009901,20.423121520345617,1.9980745724704876,81.13663270251189,0.391610076245206,417.058869,2.5533994017686688,4.663063323466768,19.84555569356721,175006.42647342812,0.0652261235366355,0.0182416399999999,-0.0055325,0.2431654010402598,-0.458518,0.869797,0.0684802499999999,1.402015268555473,2.986113654271548,1.1661084271988231,0.5356729881667722,1.2745012867961674,0.2412008711947447,4.589059911605397,0.6281609545101619,1.6868856575504685,1.4382088762337668,74.60405985073,2.825038505923064,0.2566934999999999,-0.000251,0.499908683052025,-0.378361,1.395746,0.2763215,1.329429825572587,0.1069633881673497,2.9423461512998754,1.4933195388618323,3.229049790115893,0.2300298170413881,12.834675,1.8343827564059685,1.878013245024456,2.526358484717626,477.104085527917,2.7773152981401528,0.08908292,-0.00379,0.214917586451071,-0.179655,0.637852,0.04056875,1.451162142703591,0.6617648591752348,1.00523633679865,0.3731601604655079,1.4465660298853529,0.0724927448726262,4.725862471386236,0.6922975883279964,1.8017630166078449,1.618950808705928,77.57633429096599,2.395794721462519,window_8
Normal Walk,0.5070730625,0.6305810000000001,1.4992364311590614,-2.502093,3.258194,1.62807075,-0.4654150889229096,-0.3592881079217109,9.10252062877657,6.407307267922791,9.682819762614924,0.6399768754328443,34.98672071660657,7.649886403160154,1.6151606305174886,1.53555194479031,5651.612171282854,3.2818203342649177,-0.7377410625,-0.629882,1.2328719981369705,-3.153121,1.582888,1.57906925,-0.4756545079344627,-0.6047117937951128,9.2837361462836,6.135815230447394,8.985181913343213,0.7963824653056297,47.215428,8.422705059069738,2.474958314351776,7.396865376657917,5341.480027189847,3.246607420161396,9.9750465625,9.938514,1.9259860642816744,5.15232,13.31547,2.154085499999999,-0.4054699608610632,-0.3143478364745298,30.842323685358977,7.63780618756477,109.64636148522098,0.977940634530706,638.4029800000001,14.454570311465623,5.307271871780408,26.462186780418424,415154.3525523268,0.1948843636128644,0.049162328125,0.043204,0.3015325722830399,-0.575122,0.804887,0.357127,0.1349145149576226,-0.2500129003530831,1.897721082932193,1.3119021972386986,1.5875603555476363,0.3519066165254763,5.945344053106257,1.6498384945798796,1.208340216116073,0.2687692004769344,195.89418211558,3.730764019224828,-0.197336640625,-0.2197235,0.3646864191457576,-0.898137,0.440304,0.4834962499999999,-0.3719314010689451,-0.7855979503343731,2.2545124577912725,1.083705271043014,2.900595801474945,0.1682966656564764,12.629545,1.523756565899687,2.1211964723761403,3.875059775575528,431.881037627844,2.814961329718092,0.03925790625,-0.0245309999999999,0.2443050855431405,-0.360806,0.558223,0.39449775,0.5282974650813085,-0.8732394366206719,1.5786488491317217,1.2593438646164683,1.234594084838678,0.0855756763034499,4.131986791719463,1.8825340711030447,0.7723982485102399,-0.5940138798862868,128.523351781874,3.930320122306188,window_0
Normal Walk,0.782202484375,0.8496305,0.8287146071567135,-0.867105,2.053548,1.09724725,-0.5495671740486802,-0.6239939347267982,6.081109248473181,3.2658271589257257,9.234946694128624,0.6397358775064067,50.060959,2.992321479070182,3.5205141198765904,13.360202329535028,3912.452164328424,2.0752400416245904,0.4532264218749999,0.5259525,0.5791772189104721,-0.8065,1.413546,0.91076925,-0.4813730175996984,-0.7122163550467877,4.114490977522205,2.1964162727262178,5.54787477716428,0.5402401730537603,29.006491,2.9852884706322023,3.126480594641869,10.449202886872724,1526.654417510632,2.419502542520731,9.5811080625,9.580075,0.8125486784485951,7.87419,12.46273,1.0108207500000006,0.298673812954149,1.246611400879135,24.390516187701053,4.985930518675531,105.81798343936516,0.8202600084043258,613.190916,4.931263072637597,5.37740935091932,26.957264350022797,377354.9727704405,0.0484348432163086,-0.0185524843749999,-0.0280745,0.1288170481257954,-0.292672,0.203748,0.201645,-0.0991169699921362,-0.8334715696360915,0.855688913672557,0.6157680696959467,0.6112712642197033,0.0877134534792827,2.263012341292776,0.7238384220934904,0.9558451390813396,-0.2093699646106315,35.387394414172,3.9966826681848056,-0.73860109375,-0.304592,0.8931816308250718,-2.339433,0.408328,1.55021175,-0.5089267059404164,-1.216849897903557,4.1552547787180885,0.8820131069629789,10.179340052769474,0.176998089618739,47.27047,1.366632914240571,3.473379863621786,10.743717407697082,3868.3233979512415,1.3440053701740315,0.254105703125,0.1681215,0.3217850214796304,-0.29952,0.728759,0.5658325000000001,-0.1195710400839281,-1.505684166806492,1.740385871480927,0.537838697791809,3.4442374106060947,0.1555299646784116,16.262765,0.8516208784606063,3.32135380476705,10.08612154119459,476.534858312608,1.668797305050538,window_1
Normal Walk,1.68290446875,1.6961274999999998,0.9401689150122668,-1.578811,4.222144,0.8822072500000002,-0.4168217689600549,2.205135324341387,8.741370915837125,4.818523857773116,18.51139883570636,0.3849120206628287,107.705886,7.380598194070352,4.7638459455349045,22.554609094028734,13410.67047497069,1.0400989986537292,0.379773390625,0.51028,0.5273354918369572,-0.859382,1.2898,0.72924125,-0.4440711942098545,-0.618716328624072,3.852486415798178,2.3963882404704164,4.60184248779986,0.5253222389080122,24.305497,2.5969025378169626,2.926432371075947,9.66653028443441,1152.595387725744,2.724246955583962,9.195781453125,9.2370075,1.5339434847161697,4.44689,12.8144,1.5870379999999995,0.0111896366850017,1.0773197903067029,27.921877999853265,8.299019862066025,100.9700196950714,0.6098895943913981,588.5300129999999,10.662849306979762,5.340589654290007,26.699234286024677,351186.4367443776,0.1574363539651115,-0.0523349062499999,-0.0355355,0.1904557128073609,-0.534353,0.526701,0.21796575,-0.1122927360953232,0.7548765101476809,1.3404690291017318,1.0517790666147115,0.9343958182564076,0.1669347182212574,3.427053121548337,1.2510388764612164,0.837711675101971,-0.4141474029413095,85.438488420992,4.047969416669432,0.1977314375,0.2365935,0.3549820229110586,-0.465402,1.173875,0.495754,0.1615365366531513,0.0844954602458796,2.178819513776795,1.0310678260386,2.8846094196767265,0.2241387690729956,12.654812,1.435220452118722,2.3188418099517087,4.649673668466975,418.1832312864721,2.688599686449118,-0.059936984375,-0.0273285,0.200128986087449,-0.516687,0.558756,0.220831,0.1610037087602514,0.8161904713117787,1.3370092605262505,0.8986140959978914,1.1086759390804528,0.1177708142869476,4.375365792321529,1.2026980813971746,1.1812938196569165,0.5378831990613948,96.536195220124,3.763351015529715,window_2
Normal Walk,1.411008609375,1.3254804999999998,0.5496282267100422,0.34401,2.352158,0.9273115,-0.0630075906398197,-1.1272794725097262,5.459822772781865,1.4420168986259163,15.632172448822674,0.2172843492694061,90.304551,2.68344532778171,4.996429075425989,24.13635856252944,8773.583365757382,0.5488196489795457,0.893695484375,0.923751,0.4709688142746288,-0.077467,2.036074,0.4626517500000001,0.1082745070635083,0.1147914301915382,4.649861099778585,2.174476572486875,9.728975994584156,0.5311887015398804,57.196511,2.9623556336287837,4.911368877269316,23.60876561492845,3720.773828813724,0.9736635185540328,9.58016228125,9.473957,0.8618464332443179,7.82852,12.86554,0.6857820000000014,0.9779571891868382,2.4218435851549645,24.70358842445688,4.289864416352954,105.75900608973372,0.8633368019811949,613.130386,6.06012022208076,5.376079320233711,26.948044282172702,377447.5088042655,0.053838427734046,-0.0103211874999999,-0.0035594999999999,0.145959945365359,-0.424304,0.328985,0.1666725,-0.2782223766928249,0.3371928066591074,0.9281817373774022,0.6563250307653374,0.7122649495533631,0.2429435223458174,3.57236542729258,0.6309655236733579,1.8564437388387212,3.744815294605952,43.802966270822,3.748095372532039,0.021054296875,-0.030535,0.415850725933886,-0.640468,1.14563,0.35999025,1.29699400763469,1.2931242558433895,2.399229286852658,1.5293482567235657,2.316367077239996,0.6422505795667215,10.042708216678692,1.0672275684029735,1.9721975098061395,2.8775197357231708,355.899443437212,3.308698476928004,-0.0105873124999999,-0.016803,0.1278681039992816,-0.313909,0.258719,0.20764125,0.0913617357558223,-0.8155418586291616,0.8184557990068777,0.5870767824633971,0.6250393822136437,0.1830362769858192,2.3950203488773725,0.6281580291791758,1.3733348704236692,0.8263851480469597,33.937411975872,3.8247347569171,window_3
Normal Walk,1.49315815625,1.6980650000000002,0.7216723792455579,0.055886,3.867768,0.94813275,0.1616861371685846,0.7112440823638648,6.986668500452377,2.164731025833754,16.427065910504133,0.5582361975926473,95.562122,4.419241308224724,4.897006001087138,23.43759896048454,10197.184997224334,0.8135400293775887,0.875068421875,1.0131765,0.5476046626687223,-0.297315,1.88321,0.937653,-0.2639328787833631,-0.8317212162764314,4.461008060165966,1.8177727068214031,9.863522228454798,0.5042892873497679,56.004379,1.622974590755582,4.530627888526472,20.44284266974379,3750.069237250804,1.050425716922586,9.986538500000002,9.6581965,0.9395378847837744,8.603781,13.68576,0.7940562499999988,1.9220498786788685,4.108175410725586,25.5174076712718,4.27397087578429,110.32056645360028,0.7098801015455882,639.1384639999999,6.45491400280341,5.370976230512519,26.911912845964174,410296.4952609637,0.0563165214499848,-0.03158825,-0.037667,0.099745628501015,-0.228188,0.26237,0.09685975,0.7099833610190123,0.9845098435177632,0.6950549998656081,0.5000122712618098,0.5297876970908436,0.1525502119513541,2.108010975595485,0.3925299589015464,1.439229472731019,1.0549763284114917,24.440846618464,3.816066930283901,0.648740015625,0.3333195,0.8430433548535533,-0.685234,2.088641,1.48945925,0.300757409974093,-1.2871318211894394,4.6742732970744205,1.6767822151050509,8.80385370832924,0.627605756242367,41.519361,2.4118496936848786,3.3669958656187053,10.222425859875084,3179.4134711489764,1.6958885928309615,-0.2405819375,-0.178413,0.2837373041126066,-0.846834,0.290161,0.3689174999999999,-0.6836861233149685,-0.343219046011602,1.7614742882469647,0.8328291961882579,3.0751662189133024,0.1107278185873189,15.397244,0.8831501622628533,3.484142548483741,11.410242986327876,401.902046147222,1.774242436150545,window_4
Normal Walk,1.45929734375,1.5764334999999998,0.7898953763267327,-0.503003,2.875877,1.2134035,-0.4999077944637378,-0.4361486547419919,7.096081532332515,2.146017722679332,16.190566561107858,0.3232785458509293,93.39503,3.928857074903703,4.726176826192087,22.245357552004982,9999.642197861584,0.9519165515940752,0.5896917343750001,0.7187410000000001,0.7880147188235969,-1.491547,1.862977,1.02948725,-0.621896917221873,-0.0769336705303893,5.818269317684712,3.5329420741663444,7.08135911877053,0.4769246086289527,37.740271,4.487853394606982,3.094627541547073,10.554442799077728,2687.932954307388,2.634445621892941,10.633433046875,10.60034,1.6549421524118622,5.951701,13.60762,1.774887249999999,-0.6275611210997089,0.3690742669052769,31.10513857036946,6.908723611005666,116.96445194066584,0.3292928703672112,680.539715,13.176245149583364,5.341171148692269,26.70318867723285,468742.8052243911,0.1377914942169249,0.097820859375,0.0577265,0.2487889069244916,-0.422439,0.789433,0.2182327499999999,0.8329388571427558,1.125815616023993,1.7443356021493213,1.1746011154031757,1.463608688794623,0.2944249108477285,6.260535,1.9726481807683285,1.2216191808356505,0.9412627257395876,165.91542677890402,3.7423973345139263,0.026791609375,0.027953,0.3355393910741245,-0.713479,0.670794,0.5142059999999999,-0.0911616761178065,-0.6721866939321726,1.793873149326382,0.995213141069349,2.01970033773552,0.1082654694466934,10.522786813851496,1.520796773397989,2.842318813093979,8.837159696268653,233.50945056394,2.8509237977080346,-0.06138584375,-0.089148,0.2097430579988151,-0.530809,0.515589,0.24627825,0.5644999124441145,0.5477927500892203,1.2141711222151417,0.6896616557144035,1.3503796489602975,0.2354770491057283,5.327109550434655,0.8190343542065982,2.0288100540027267,2.9768002836110456,105.527574731114,3.053406038551933,window_5
Normal Walk,-0.1188966111111111,-0.9772295,1.692627738777484,-1.895161,3.220385,3.154232,0.4156866950118641,-1.4359441255616732,6.690121722892802,3.577825538183306,10.555230756791351,0.4619296244251868,54.8494992279236,5.364760335676738,3.5735383960168954,13.21424416811676,4216.606874898379,1.733395762951374,-2.566248685185186,-2.8483565,3.149593091920228,-6.029137,1.917173,6.375105250000001,0.0731930755418352,-1.8557473009101413,14.802044448836888,3.4641016331721133,32.05844471479464,0.7872469964331598,138.577429,7.5813983405803,3.1509419399834657,8.462454035527792,33664.79872971595,1.3699496176039625,9.458819037037037,9.235425,1.5931276708196545,6.312554,13.2158,2.4416305000000005,0.7498782153114735,-0.1621959012697376,26.772284971695004,4.907916943160517,95.30341356949856,1.8713010276598527,510.776228,7.032965526120083,4.841241420558391,21.640015263908417,264586.38877632224,0.1441640870876771,-0.0871302592592592,-0.0171489999999999,0.3079196621042203,-0.738996,0.665794,0.4080205,0.0962344981305293,-0.1227589172227916,1.6449241507278936,0.8310236935991576,1.7975005123047243,0.2288380953297555,8.301401391596135,1.272638378522354,2.311169593802085,5.079995316529995,160.29315594135798,2.7813145183737724,-0.1811409444444444,-0.087958,0.1994381796379813,-0.631941,0.060595,0.2826499999999999,-0.8077286198601268,-0.4612234597796796,1.137603963011613,0.4325692510236413,2.096980348023605,0.0743405608424382,9.781611000000002,0.5278268697963648,3.055456347405711,8.82206427630053,153.66967262973708,1.6555459147972849,0.0850444629629629,0.0029145,0.1969575886460043,-0.260084,0.500134,0.3050327500000001,0.4575386442700451,-0.7363895858991616,1.0325115198795165,0.5075747835374015,1.3449358163802831,0.0582404877469563,5.65470288146139,0.8727840267929521,2.2565066844227664,4.289129979036947,77.62317449939299,2.492072104679816,window_6
Limping,0.695262640625,0.7756645,1.24299182054722,-1.903372,2.821771,1.5281717499999998,-0.4984096555129469,-0.5937856661335816,8.281689857329772,4.417719350030743,9.597781173691317,0.2065247248123987,44.496809000000006,5.9587340173353205,2.3693664991919112,5.243490586986967,5142.521291233993,2.9058869379345964,-1.47933753125,-0.995678,2.0128502989926136,-5.406115,1.544697,2.86540125,-0.6357515954318673,-0.7992297086406377,11.698083162892424,4.245498320199786,20.06424304834296,0.7036558288211181,94.677602,5.390688117999897,2.880990528346356,7.970706553507236,17261.407961245626,2.088860310420861,10.545226078125,10.0062305,1.7639041782762686,8.428373,14.34517,3.0641444999999994,0.4927065521895044,-1.070598716027393,29.577507075776367,3.810126073102521,116.43908559565604,0.5957020636190467,674.8944690000001,7.725619889126314,5.310790831053721,26.483355549533908,461852.4665334438,0.1439246042848284,0.19077465625,0.191757,0.3298050488873227,-0.487989,1.123577,0.38717025,0.2903899477068044,0.2380680704040241,2.305470630499506,1.2769450747505338,2.507036763149717,0.2947151423849691,12.209578,2.167182839173403,2.2522866546021345,5.590229851429752,371.21370111616,3.089084354923049,0.1095781562499999,-0.119001,0.8259028886289806,-0.814201,2.14593,0.663225,1.3065950631710934,0.6217646495812175,3.5189189147711684,1.497690947851845,5.727936875022716,0.2108074320959735,29.39647920139098,1.706313714687809,3.34809094423312,11.265572923294968,1446.1456375353378,1.982402139945859,-0.0586712656249999,-0.0634345,0.1876325000437392,-0.3696,0.36184,0.233421,0.4564962736332086,-0.5399049649700904,1.096873412273736,0.6362627572018621,1.2207940652593072,0.0445810265241986,5.257925223325891,0.6305640228591323,2.039923457985371,3.203528203972474,86.191021834412,3.0547254944340327,window_7
Limping,1.9681354375,2.0310925,0.8298338868925228,-0.489261,3.767254,0.6518344999999999,-0.6869746563962853,0.91942655287718,9.341050732306698,4.146669195461865,21.274353550042047,0.5554665976242966,125.960668,6.500590134156641,5.128598232581939,25.223627454050398,17275.307128182856,0.741574128116807,-0.1684567343749999,-0.0452215,0.7737654580572656,-2.302732,1.429108,0.8990772499999999,-0.7881792831753311,0.3038480335166817,5.159414686771749,3.2653902007914994,3.897332619998865,1.3437211810697702,17.25156812238316,5.19194467616351,1.2993743487784106,1.0049622374630065,1337.880366751464,3.860086288676471,9.673281953125,10.121935,2.3062547560682827,4.678504,13.70121,3.782040250000001,-0.2343564722296699,-0.8743772053828347,32.5719756580372,12.01109474732939,106.0974585077374,0.9494483298066508,619.0900449999999,14.602409929306436,5.268898768170533,26.18765078344764,394163.33760220255,0.2784476036523342,-0.0991656875,-0.11201,0.3601731042635903,-0.825597,0.96663,0.41927925,0.6081697698414347,0.6150677583985207,2.273588564045845,1.6272084280273726,2.0892098326907327,0.2436463409205053,7.387594325068174,2.239893924683514,1.175223384255128,0.1525441677251473,305.088085874294,3.61748383690568,0.2444206562499999,0.1418655,0.4324678178669129,-0.444352,1.617535,0.36725175,1.4562926311284576,2.276814506276426,2.7840985130422946,1.3488109478144563,3.4446364706434918,0.4171845108355628,15.642922,1.7574315817719834,2.253732931052939,4.581714121540746,627.7351982467701,2.825444041129687,-0.03205003125,-0.0471805,0.2355405919738125,-0.448739,0.724229,0.2719915,0.6860532227541711,0.4149680788815142,1.4966000618165878,1.0784704444007822,1.2005706443800324,0.1129931525556673,4.593247627363712,1.5637767709987878,0.8682484345886268,-0.2001354866300491,117.797811749648,3.8830415194377608,window_8
Limping,0.8063892343749999,0.4929215,1.1164477522772245,-1.057714,2.907252,1.47329425,0.5250470190375706,-0.7803133694920952,8.04491907233919,4.872578702119441,9.912455754904162,0.3324856461534353,51.608911000000006,4.705694887721919,2.89184576529313,9.21377678969496,5215.280063149426,2.666696212890733,-0.558572640625,-0.1473245,1.0993608305329536,-3.419294,1.182032,1.67883825,-0.5337889273201651,-0.7597471975835819,6.549134428418175,3.053851808772106,8.622663140200117,0.3790337339222231,35.748649,3.4168282870460613,2.0698865829084108,3.394599055728144,3751.727404507456,2.7876332819350704,10.094214984375,9.823378,1.1446588417478982,7.317676,14.28563,1.278363499999999,1.1926060092053024,2.9274787660321997,27.08989441480333,5.281194040357439,111.3207558279592,0.6325116940000375,646.029759,9.87845430693284,5.3641658089272255,26.864881244721527,420037.5378404255,0.0800807777847754,0.1182219375,0.0786439999999999,0.3572110409022005,-0.579119,0.821941,0.6080672500000001,0.2733097511886551,-0.8709550204941907,2.0133915798222857,1.127995485738519,2.428239510631191,0.1735414441309716,11.42630029114137,1.545529283719573,2.328585389298181,5.363917355954008,318.40296879007,2.8654635385065816,-1.0018452031249998,-1.3655125,1.0737892622369678,-2.678107,1.038512,1.6267535,0.3582435433064216,-1.096551023154515,6.319660112319186,1.914545200927852,12.740564939247836,0.4883415691571735,64.118093,2.4175531892044333,3.393918618395008,11.3127400782175,6472.323165005741,1.6411695962239106,0.27255403125,0.2515239999999999,0.4275768129460764,-0.515888,1.217984,0.305899,0.2560698987119326,-0.1376154116035901,2.8464378971250337,1.5455654299439343,3.619813181107345,0.2265272848548714,17.443458,1.6904732944939498,2.561529889022133,6.486971723093726,678.568197385858,2.684877565938889,window_9
Limping,1.493878046875,1.45738,0.7569055461148915,0.182203,3.407944,1.077137,0.2852154936448781,-0.3293274998327131,7.393650048051523,3.614707280884537,16.36005773911576,1.078620046414648,95.608195,3.5721176825874994,4.896318217782129,23.43705058606461,10314.161608328122,0.8922515955134258,-0.0049229375,0.090195,0.7631151795938121,-2.256123,1.339798,0.9680755,-0.8911686112609725,0.4452432599245268,4.719281878299991,3.49581738517906,3.864480299946852,0.3150680000000001,16.47811343377326,4.429983988910188,1.374841999053819,1.3695128216911314,1190.586541936896,3.7405367440153054,9.4977581875,9.286159,1.840486419512489,4.62047,14.55643,1.9964794999999995,0.5572309792141107,0.90111541017774,30.46469440940936,8.25027285011346,104.0922554957285,1.3517053012725924,607.856524,16.50051485523375,5.324383060793541,26.58632499584444,376425.4483086949,0.2041113035404884,-0.09017678125,-0.0988199999999999,0.2964885436112197,-0.70409,0.829136,0.3448017499999999,0.4687364568310278,1.0485540222274752,1.8320604037928017,0.7795285581175807,1.817840133270695,0.1618450567413816,5.771314,2.8428953064679376,0.9209029909290332,-0.8261275204498388,213.151618344802,3.5814090884467347,0.172359234375,0.1920945,0.3144807100485627,-0.512299,0.747802,0.5480465,-0.1795110820554448,-1.1376635020330177,2.053347001943547,1.119333134162456,2.4321935605893032,0.2472740177744151,11.030991,1.2309046753201909,2.29946193714428,4.571179637994601,324.217581650004,2.871747127634376,-0.0622976406249999,-0.031459,0.1748995459770557,-0.437548,0.511592,0.194185,0.4273836486986381,1.4165845321131334,1.2748025576002695,1.0233663355366571,0.910692081917956,0.1359120887323518,3.987049,1.252231865511896,1.092148179044442,0.8715640248345764,78.54341212583199,3.9875245189028616,window_10
Limping,1.87758721875,1.8804475,0.8991089266505662,-0.322967,3.389636,1.6026474999999996,-0.2576267294295857,-0.9466218777612756,8.971446242194615,3.350824801101318,20.5513783074526,0.8034201528632111,120.165582,7.191655093942963,4.936111773882667,23.793408333376856,16091.071936403872,0.8357246348465586,0.1059483593749999,0.3126675,0.9537742521868114,-1.843127,1.631093,1.4516155,-0.5324633615278407,-0.8526265304622589,5.594599145727396,3.482137875982885,5.319755301834795,0.935593460770946,26.456829863028037,5.360548004242352,2.092152911255777,5.224516185724431,1907.17875432874,3.369431813411762,10.032301109375,9.8823945,1.88973431785167,5.192382,14.65121,1.6152625,-0.1586586600600334,0.8528896875956455,31.941910661700643,9.200179426886663,109.95947576949676,2.103442669295799,642.067271,15.378838411023173,5.329735157945272,26.622774308949943,419563.9029831234,0.1942678609208147,0.085755171875,0.07518,0.2939430706805505,-0.554604,0.939984,0.337341,0.3603033586013432,0.4820046407143645,1.9803071176131717,1.3342058159672714,1.590860876980169,0.1025277484400602,6.291276872814711,1.9824903549805135,1.101054461757572,0.1928051956769589,206.478547519216,3.817116072552869,0.045810359375,0.021158,0.2163362181116588,-0.35562,0.4451,0.3535295,-0.0120757370349801,-1.1552698675210251,1.0981283020499046,0.5226963831704596,1.4345717115176286,0.1127590122627384,6.497686056301856,0.8469031184299657,2.253537712054804,4.651296606197464,104.444216423988,2.741048916694455,-0.038020453125,-0.005079,0.1966944309532658,-0.474586,0.583803,0.26959375,0.2339701055607615,0.6879536901733396,1.2041560413360757,0.7483413504489747,1.0997468040578504,0.2260897042690376,5.389315940805335,1.1780268412707977,2.012932234485122,4.380033049833247,85.101913757492,3.43335723331061,window_11
Limping,1.66243246875,1.6336135,1.0645350052886644,-1.176876,3.813518,1.2482005,-0.5221651587048926,0.4733397647253823,9.906490504396434,4.476630091023081,18.114625950975284,0.2702352191304661,106.395678,9.968816238707744,4.691878741168447,22.176775534125404,13640.9032786382,1.3200219650367806,-1.137095859375,-1.259471,0.9890845264832948,-3.305101,0.768185,1.42120025,0.0753447332711517,-0.6120116260225408,7.702204723876333,3.3007869803121093,12.991482199424231,0.6378105087813412,72.774135,3.804646904248794,3.9692339550663447,16.77976653314434,7299.282155086708,1.741972129680785,9.671819859375,9.594634,1.738750892793722,6.399257,12.92118,2.7584322500000003,0.2164953884379444,-0.9510665675157136,29.918782399058205,8.657339170334339,106.16650932512086,0.5327942435665801,618.9964709999999,13.007636931511502,5.329648813174015,26.62240634442087,389326.75976074126,0.1774471585018071,-0.0937615,-0.051523,0.3918556863024878,-0.981744,0.756125,0.4238755,-0.4726022851688068,-0.0544785871119497,2.46063522533125,1.5250276386114958,2.2129459607945754,0.1158173168397045,9.413159222868188,2.505897448622481,1.3413594261473707,1.258829757633772,350.45937720121594,3.620295825119168,0.6494019375,0.8517220000000001,0.7654398959386213,-0.589574,1.886929,1.354629,-0.0992804164302897,-1.4635148066157802,3.67217776678553,0.9916631892067338,8.83098783852173,0.1959596582568258,41.561724,1.0214578934327647,3.543360946437767,11.20304769716992,2927.0795441597656,1.320590138366168,-0.15635896875,-0.1880055,0.279612480367191,-0.621407,0.777521,0.4134165,0.5806863557004308,0.4496034308039354,1.748956792644839,0.8724752613411506,2.252561386662146,0.0263685066500853,10.006974,1.7072869539004656,2.4955421805280604,5.941986116940003,260.252245223034,2.6992790698253537,window_12
Limping,1.170056046875,1.0287575,1.0157133010831512,-0.870997,3.567024,1.4466395,0.0327705430332726,-0.5362255493004819,8.420623880677265,4.528157181549727,13.052054217423862,0.4097428349683931,74.883587,6.603523224782135,4.1435398618751655,18.11471842633531,7720.416826700936,1.8347556985046127,-1.01831365625,-0.761115,1.0679580188189637,-3.6787,0.87548,1.39182825,-0.232914227569058,-0.7045851692177649,7.345608099487613,3.829840811524144,12.298355750718692,0.9092752777188816,65.172074,3.5614379799285105,3.7277234694862966,13.602449029092655,6566.640400719793,1.766359666750333,9.257665140625,9.1830475,1.403995453033757,6.127869,12.49799,1.88715,0.4016249353279604,-0.1713265210011894,27.97591542379765,8.772858346017864,101.54857740563794,3.20055271070792,592.4905689999999,9.580807433607683,5.361359532592027,26.84544545707473,355032.49334106635,0.1362144300129234,-0.064667078125,-0.1462505,0.3414611507504507,-0.694763,0.799292,0.462645,0.6186863711498511,-0.0718478604476686,2.2034422782083327,1.6516290300913088,1.7723432782517965,0.442880730792934,8.324936362268524,2.23614926983912,1.619842333103381,2.5829903498027065,255.883474219528,3.71977609667918,-0.017062328125,-0.200938,0.4204920958492805,-0.574652,0.9671,0.6972655,0.4745793763858151,-1.0171490160030667,1.9580564197568924,0.989252406461686,2.7405635949897595,0.0649652695194794,11.202552489076488,0.8398452709473853,2.438119105729945,4.636376202312511,363.0295603563,2.5210815544513894,-0.0178775468749999,-0.003347,0.2376378082413398,-0.745312,0.503331,0.2745237499999999,-0.6725484788939181,1.2686121628577922,1.4625081008790723,1.1051286499616615,1.2313137495507445,0.0106166445301677,5.832492753394349,1.5465379674262674,1.4851279487404532,2.6809766504888586,116.962031839028,3.7040481872534072,window_13
Limping,0.0567565294117646,0.1163585,1.4364390253635435,-2.216867,2.063407,2.98756025,-0.3489042353039029,-1.3304795026028249,5.874896088029337,3.592343732951399,5.988193942447524,1.573687821655635,21.916181052233995,3.9908737355226336,1.6986572838455964,1.625372805604936,1196.33880253763,2.3835564712039954,-1.3022209411764705,-0.1914505,1.9444753213960249,-4.434294,0.576576,4.3022415,-0.8386068598740133,-1.2041847312758664,9.7327056804304,5.096447089493458,12.212164880009157,1.193031362244324,44.275512,4.038299159643966,1.97961329143972,2.482719329868911,4145.66302561299,1.953172458351596,9.217649764705882,9.281615,0.46704829568447,7.982196,10.11609,0.5881505000000011,-0.6155555842857375,0.0538726797867314,20.59937149731125,1.6946580721658202,73.21625117597331,0.9353801948783592,313.40009200000003,0.9479185492171304,3.7472205068467614,12.049426695275654,98344.21021990672,0.017676357870531,-0.1314225882352941,-0.1128095,0.235232972065382,-0.469869,0.162979,0.4541187499999999,-0.1345582541690649,-1.5768950092238612,1.0833953163365266,0.432804097707491,1.3718814286104728,0.0784955961450213,4.468368,0.9626151170797635,1.542427523157101,0.7628480304846934,51.948669115646,2.119181250935997,-0.488513705882353,-0.39812,0.4352273056549626,-1.386829,0.209014,0.4975517499999999,-0.5729137295196415,-0.3982054605662419,2.5113296460131,0.9547794872589024,4.0442553830694745,0.1659019992269533,16.609465999999998,1.4607063370182587,2.645217505246146,6.058123488075363,385.26722930532185,1.3371319865002425,0.1214357352941176,0.0579395,0.2032368020082671,-0.086617,0.596327,0.32615075,0.9884226033437894,-0.2888587650476215,0.9735105132551952,0.4749337070393366,1.2080088123501205,0.0307169055873872,4.128815,0.3765374145715865,1.674914853350094,1.3038236533446153,40.91913617227701,2.096418387470526,window_14
Normal Walk,0.5070730625,0.6305810000000001,1.4992364311590614,-2.502093,3.258194,1.62807075,-0.4654150889229096,-0.3592881079217109,9.10252062877657,6.407307267922791,9.682819762614924,0.6399768754328443,34.98672071660657,7.649886403160154,1.6151606305174886,1.53555194479031,5651.612171282854,3.2818203342649177,-0.7377410625,-0.629882,1.2328719981369705,-3.153121,1.582888,1.57906925,-0.4756545079344627,-0.6047117937951128,9.2837361462836,6.135815230447394,8.985181913343213,0.7963824653056297,47.215428,8.422705059069738,2.474958314351776,7.396865376657917,5341.480027189847,3.246607420161396,9.9750465625,9.938514,1.9259860642816744,5.15232,13.31547,2.154085499999999,-0.4054699608610632,-0.3143478364745298,30.842323685358977,7.63780618756477,109.64636148522098,0.977940634530706,638.4029800000001,14.454570311465623,5.307271871780408,26.462186780418424,415154.3525523268,0.1948843636128644,0.049162328125,0.043204,0.3015325722830399,-0.575122,0.804887,0.357127,0.1349145149576226,-0.2500129003530831,1.897721082932193,1.3119021972386986,1.5875603555476363,0.3519066165254763,5.945344053106257,1.6498384945798796,1.208340216116073,0.2687692004769344,195.89418211558,3.730764019224828,-0.197336640625,-0.2197235,0.3646864191457576,-0.898137,0.440304,0.4834962499999999,-0.3719314010689451,-0.7855979503343731,2.2545124577912725,1.083705271043014,2.900595801474945,0.1682966656564764,12.629545,1.523756565899687,2.1211964723761403,3.875059775575528,431.881037627844,2.814961329718092,0.03925790625,-0.0245309999999999,0.2443050855431405,-0.360806,0.558223,0.39449775,0.5282974650813085,-0.8732394366206719,1.5786488491317217,1.2593438646164683,1.234594084838678,0.0855756763034499,4.131986791719463,1.8825340711030447,0.7723982485102399,-0.5940138798862868,128.523351781874,3.930320122306188,window_0
Normal Walk,0.782202484375,0.8496305,0.8287146071567135,-0.867105,2.053548,1.09724725,-0.5495671740486802,-0.6239939347267982,6.081109248473181,3.2658271589257257,9.234946694128624,0.6397358775064067,50.060959,2.992321479070182,3.5205141198765904,13.360202329535028,3912.452164328424,2.0752400416245904,0.4532264218749999,0.5259525,0.5791772189104721,-0.8065,1.413546,0.91076925,-0.4813730175996984,-0.7122163550467877,4.114490977522205,2.1964162727262178,5.54787477716428,0.5402401730537603,29.006491,2.9852884706322023,3.126480594641869,10.449202886872724,1526.654417510632,2.419502542520731,9.5811080625,9.580075,0.8125486784485951,7.87419,12.46273,1.0108207500000006,0.298673812954149,1.246611400879135,24.390516187701053,4.985930518675531,105.81798343936516,0.8202600084043258,613.190916,4.931263072637597,5.37740935091932,26.957264350022797,377354.9727704405,0.0484348432163086,-0.0185524843749999,-0.0280745,0.1288170481257954,-0.292672,0.203748,0.201645,-0.0991169699921362,-0.8334715696360915,0.855688913672557,0.6157680696959467,0.6112712642197033,0.0877134534792827,2.263012341292776,0.7238384220934904,0.9558451390813396,-0.2093699646106315,35.387394414172,3.9966826681848056,-0.73860109375,-0.304592,0.8931816308250718,-2.339433,0.408328,1.55021175,-0.5089267059404164,-1.216849897903557,4.1552547787180885,0.8820131069629789,10.179340052769474,0.176998089618739,47.27047,1.366632914240571,3.473379863621786,10.743717407697082,3868.3233979512415,1.3440053701740315,0.254105703125,0.1681215,0.3217850214796304,-0.29952,0.728759,0.5658325000000001,-0.1195710400839281,-1.505684166806492,1.740385871480927,0.537838697791809,3.4442374106060947,0.1555299646784116,16.262765,0.8516208784606063,3.32135380476705,10.08612154119459,476.534858312608,1.668797305050538,window_1
Normal Walk,1.68290446875,1.6961274999999998,0.9401689150122668,-1.578811,4.222144,0.8822072500000002,-0.4168217689600549,2.205135324341387,8.741370915837125,4.818523857773116,18.51139883570636,0.3849120206628287,107.705886,7.380598194070352,4.7638459455349045,22.554609094028734,13410.67047497069,1.0400989986537292,0.379773390625,0.51028,0.5273354918369572,-0.859382,1.2898,0.72924125,-0.4440711942098545,-0.618716328624072,3.852486415798178,2.3963882404704164,4.60184248779986,0.5253222389080122,24.305497,2.5969025378169626,2.926432371075947,9.66653028443441,1152.595387725744,2.724246955583962,9.195781453125,9.2370075,1.5339434847161697,4.44689,12.8144,1.5870379999999995,0.0111896366850017,1.0773197903067029,27.921877999853265,8.299019862066025,100.9700196950714,0.6098895943913981,588.5300129999999,10.662849306979762,5.340589654290007,26.699234286024677,351186.4367443776,0.1574363539651115,-0.0523349062499999,-0.0355355,0.1904557128073609,-0.534353,0.526701,0.21796575,-0.1122927360953232,0.7548765101476809,1.3404690291017318,1.0517790666147115,0.9343958182564076,0.1669347182212574,3.427053121548337,1.2510388764612164,0.837711675101971,-0.4141474029413095,85.438488420992,4.047969416669432,0.1977314375,0.2365935,0.3549820229110586,-0.465402,1.173875,0.495754,0.1615365366531513,0.0844954602458796,2.178819513776795,1.0310678260386,2.8846094196767265,0.2241387690729956,12.654812,1.435220452118722,2.3188418099517087,4.649673668466975,418.1832312864721,2.688599686449118,-0.059936984375,-0.0273285,0.200128986087449,-0.516687,0.558756,0.220831,0.1610037087602514,0.8161904713117787,1.3370092605262505,0.8986140959978914,1.1086759390804528,0.1177708142869476,4.375365792321529,1.2026980813971746,1.1812938196569165,0.5378831990613948,96.536195220124,3.763351015529715,window_2
Normal Walk,1.411008609375,1.3254804999999998,0.5496282267100422,0.34401,2.352158,0.9273115,-0.0630075906398197,-1.1272794725097262,5.459822772781865,1.4420168986259163,15.632172448822674,0.2172843492694061,90.304551,2.68344532778171,4.996429075425989,24.13635856252944,8773.583365757382,0.5488196489795457,0.893695484375,0.923751,0.4709688142746288,-0.077467,2.036074,0.4626517500000001,0.1082745070635083,0.1147914301915382,4.649861099778585,2.174476572486875,9.728975994584156,0.5311887015398804,57.196511,2.9623556336287837,4.911368877269316,23.60876561492845,3720.773828813724,0.9736635185540328,9.58016228125,9.473957,0.8618464332443179,7.82852,12.86554,0.6857820000000014,0.9779571891868382,2.4218435851549645,24.70358842445688,4.289864416352954,105.75900608973372,0.8633368019811949,613.130386,6.06012022208076,5.376079320233711,26.948044282172702,377447.5088042655,0.053838427734046,-0.0103211874999999,-0.0035594999999999,0.145959945365359,-0.424304,0.328985,0.1666725,-0.2782223766928249,0.3371928066591074,0.9281817373774022,0.6563250307653374,0.7122649495533631,0.2429435223458174,3.57236542729258,0.6309655236733579,1.8564437388387212,3.744815294605952,43.802966270822,3.748095372532039,0.021054296875,-0.030535,0.415850725933886,-0.640468,1.14563,0.35999025,1.29699400763469,1.2931242558433895,2.399229286852658,1.5293482567235657,2.316367077239996,0.6422505795667215,10.042708216678692,1.0672275684029735,1.9721975098061395,2.8775197357231708,355.899443437212,3.308698476928004,-0.0105873124999999,-0.016803,0.1278681039992816,-0.313909,0.258719,0.20764125,0.0913617357558223,-0.8155418586291616,0.8184557990068777,0.5870767824633971,0.6250393822136437,0.1830362769858192,2.3950203488773725,0.6281580291791758,1.3733348704236692,0.8263851480469597,33.937411975872,3.8247347569171,window_3
Normal Walk,1.49315815625,1.6980650000000002,0.7216723792455579,0.055886,3.867768,0.94813275,0.1616861371685846,0.7112440823638648,6.986668500452377,2.164731025833754,16.427065910504133,0.5582361975926473,95.562122,4.419241308224724,4.897006001087138,23.43759896048454,10197.184997224334,0.8135400293775887,0.875068421875,1.0131765,0.5476046626687223,-0.297315,1.88321,0.937653,-0.2639328787833631,-0.8317212162764314,4.461008060165966,1.8177727068214031,9.863522228454798,0.5042892873497679,56.004379,1.622974590755582,4.530627888526472,20.44284266974379,3750.069237250804,1.050425716922586,9.986538500000002,9.6581965,0.9395378847837744,8.603781,13.68576,0.7940562499999988,1.9220498786788685,4.108175410725586,25.5174076712718,4.27397087578429,110.32056645360028,0.7098801015455882,639.1384639999999,6.45491400280341,5.370976230512519,26.911912845964174,410296.4952609637,0.0563165214499848,-0.03158825,-0.037667,0.099745628501015,-0.228188,0.26237,0.09685975,0.7099833610190123,0.9845098435177632,0.6950549998656081,0.5000122712618098,0.5297876970908436,0.1525502119513541,2.108010975595485,0.3925299589015464,1.439229472731019,1.0549763284114917,24.440846618464,3.816066930283901,0.648740015625,0.3333195,0.8430433548535533,-0.685234,2.088641,1.48945925,0.300757409974093,-1.2871318211894394,4.6742732970744205,1.6767822151050509,8.80385370832924,0.627605756242367,41.519361,2.4118496936848786,3.3669958656187053,10.222425859875084,3179.4134711489764,1.6958885928309615,-0.2405819375,-0.178413,0.2837373041126066,-0.846834,0.290161,0.3689174999999999,-0.6836861233149685,-0.343219046011602,1.7614742882469647,0.8328291961882579,3.0751662189133024,0.1107278185873189,15.397244,0.8831501622628533,3.484142548483741,11.410242986327876,401.902046147222,1.774242436150545,window_4
Normal Walk,1.45929734375,1.5764334999999998,0.7898953763267327,-0.503003,2.875877,1.2134035,-0.4999077944637378,-0.4361486547419919,7.096081532332515,2.146017722679332,16.190566561107858,0.3232785458509293,93.39503,3.928857074903703,4.726176826192087,22.245357552004982,9999.642197861584,0.9519165515940752,0.5896917343750001,0.7187410000000001,0.7880147188235969,-1.491547,1.862977,1.02948725,-0.621896917221873,-0.0769336705303893,5.818269317684712,3.5329420741663444,7.08135911877053,0.4769246086289527,37.740271,4.487853394606982,3.094627541547073,10.554442799077728,2687.932954307388,2.634445621892941,10.633433046875,10.60034,1.6549421524118622,5.951701,13.60762,1.774887249999999,-0.6275611210997089,0.3690742669052769,31.10513857036946,6.908723611005666,116.96445194066584,0.3292928703672112,680.539715,13.176245149583364,5.341171148692269,26.70318867723285,468742.8052243911,0.1377914942169249,0.097820859375,0.0577265,0.2487889069244916,-0.422439,0.789433,0.2182327499999999,0.8329388571427558,1.125815616023993,1.7443356021493213,1.1746011154031757,1.463608688794623,0.2944249108477285,6.260535,1.9726481807683285,1.2216191808356505,0.9412627257395876,165.91542677890402,3.7423973345139263,0.026791609375,0.027953,0.3355393910741245,-0.713479,0.670794,0.5142059999999999,-0.0911616761178065,-0.6721866939321726,1.793873149326382,0.995213141069349,2.01970033773552,0.1082654694466934,10.522786813851496,1.520796773397989,2.842318813093979,8.837159696268653,233.50945056394,2.8509237977080346,-0.06138584375,-0.089148,0.2097430579988151,-0.530809,0.515589,0.24627825,0.5644999124441145,0.5477927500892203,1.2141711222151417,0.6896616557144035,1.3503796489602975,0.2354770491057283,5.327109550434655,0.8190343542065982,2.0288100540027267,2.9768002836110456,105.527574731114,3.053406038551933,window_5
Normal Walk,-0.1188966111111111,-0.9772295,1.692627738777484,-1.895161,3.220385,3.154232,0.4156866950118641,-1.4359441255616732,6.690121722892802,3.577825538183306,10.555230756791351,0.4619296244251868,54.8494992279236,5.364760335676738,3.5735383960168954,13.21424416811676,4216.606874898379,1.733395762951374,-2.566248685185186,-2.8483565,3.149593091920228,-6.029137,1.917173,6.375105250000001,0.0731930755418352,-1.8557473009101413,14.802044448836888,3.4641016331721133,32.05844471479464,0.7872469964331598,138.577429,7.5813983405803,3.1509419399834657,8.462454035527792,33664.79872971595,1.3699496176039625,9.458819037037037,9.235425,1.5931276708196545,6.312554,13.2158,2.4416305000000005,0.7498782153114735,-0.1621959012697376,26.772284971695004,4.907916943160517,95.30341356949856,1.8713010276598527,510.776228,7.032965526120083,4.841241420558391,21.640015263908417,264586.38877632224,0.1441640870876771,-0.0871302592592592,-0.0171489999999999,0.3079196621042203,-0.738996,0.665794,0.4080205,0.0962344981305293,-0.1227589172227916,1.6449241507278936,0.8310236935991576,1.7975005123047243,0.2288380953297555,8.301401391596135,1.272638378522354,2.311169593802085,5.079995316529995,160.29315594135798,2.7813145183737724,-0.1811409444444444,-0.087958,0.1994381796379813,-0.631941,0.060595,0.2826499999999999,-0.8077286198601268,-0.4612234597796796,1.137603963011613,0.4325692510236413,2.096980348023605,0.0743405608424382,9.781611000000002,0.5278268697963648,3.055456347405711,8.82206427630053,153.66967262973708,1.6555459147972849,0.0850444629629629,0.0029145,0.1969575886460043,-0.260084,0.500134,0.3050327500000001,0.4575386442700451,-0.7363895858991616,1.0325115198795165,0.5075747835374015,1.3449358163802831,0.0582404877469563,5.65470288146139,0.8727840267929521,2.2565066844227664,4.289129979036947,77.62317449939299,2.492072104679816,window_6
Limping,0.695262640625,0.7756645,1.24299182054722,-1.903372,2.821771,1.5281717499999998,-0.4984096555129469,-0.5937856661335816,8.281689857329772,4.417719350030743,9.597781173691317,0.2065247248123987,44.496809000000006,5.9587340173353205,2.3693664991919112,5.243490586986967,5142.521291233993,2.9058869379345964,-1.47933753125,-0.995678,2.0128502989926136,-5.406115,1.544697,2.86540125,-0.6357515954318673,-0.7992297086406377,11.698083162892424,4.245498320199786,20.06424304834296,0.7036558288211181,94.677602,5.390688117999897,2.880990528346356,7.970706553507236,17261.407961245626,2.088860310420861,10.545226078125,10.0062305,1.7639041782762686,8.428373,14.34517,3.0641444999999994,0.4927065521895044,-1.070598716027393,29.577507075776367,3.810126073102521,116.43908559565604,0.5957020636190467,674.8944690000001,7.725619889126314,5.310790831053721,26.483355549533908,461852.4665334438,0.1439246042848284,0.19077465625,0.191757,0.3298050488873227,-0.487989,1.123577,0.38717025,0.2903899477068044,0.2380680704040241,2.305470630499506,1.2769450747505338,2.507036763149717,0.2947151423849691,12.209578,2.167182839173403,2.2522866546021345,5.590229851429752,371.21370111616,3.089084354923049,0.1095781562499999,-0.119001,0.8259028886289806,-0.814201,2.14593,0.663225,1.3065950631710934,0.6217646495812175,3.5189189147711684,1.497690947851845,5.727936875022716,0.2108074320959735,29.39647920139098,1.706313714687809,3.34809094423312,11.265572923294968,1446.1456375353378,1.982402139945859,-0.0586712656249999,-0.0634345,0.1876325000437392,-0.3696,0.36184,0.233421,0.4564962736332086,-0.5399049649700904,1.096873412273736,0.6362627572018621,1.2207940652593072,0.0445810265241986,5.257925223325891,0.6305640228591323,2.039923457985371,3.203528203972474,86.191021834412,3.0547254944340327,window_7
Limping,1.9681354375,2.0310925,0.8298338868925228,-0.489261,3.767254,0.6518344999999999,-0.6869746563962853,0.91942655287718,9.341050732306698,4.146669195461865,21.274353550042047,0.5554665976242966,125.960668,6.500590134156641,5.128598232581939,25.223627454050398,17275.307128182856,0.741574128116807,-0.1684567343749999,-0.0452215,0.7737654580572656,-2.302732,1.429108,0.8990772499999999,-0.7881792831753311,0.3038480335166817,5.159414686771749,3.2653902007914994,3.897332619998865,1.3437211810697702,17.25156812238316,5.19194467616351,1.2993743487784106,1.0049622374630065,1337.880366751464,3.860086288676471,9.673281953125,10.121935,2.3062547560682827,4.678504,13.70121,3.782040250000001,-0.2343564722296699,-0.8743772053828347,32.5719756580372,12.01109474732939,106.0974585077374,0.9494483298066508,619.0900449999999,14.602409929306436,5.268898768170533,26.18765078344764,394163.33760220255,0.2784476036523342,-0.0991656875,-0.11201,0.3601731042635903,-0.825597,0.96663,0.41927925,0.6081697698414347,0.6150677583985207,2.273588564045845,1.6272084280273726,2.0892098326907327,0.2436463409205053,7.387594325068174,2.239893924683514,1.175223384255128,0.1525441677251473,305.088085874294,3.61748383690568,0.2444206562499999,0.1418655,0.4324678178669129,-0.444352,1.617535,0.36725175,1.4562926311284576,2.276814506276426,2.7840985130422946,1.3488109478144563,3.4446364706434918,0.4171845108355628,15.642922,1.7574315817719834,2.253732931052939,4.581714121540746,627.7351982467701,2.825444041129687,-0.03205003125,-0.0471805,0.2355405919738125,-0.448739,0.724229,0.2719915,0.6860532227541711,0.4149680788815142,1.4966000618165878,1.0784704444007822,1.2005706443800324,0.1129931525556673,4.593247627363712,1.5637767709987878,0.8682484345886268,-0.2001354866300491,117.797811749648,3.8830415194377608,window_8
Limping,0.8063892343749999,0.4929215,1.1164477522772245,-1.057714,2.907252,1.47329425,0.5250470190375706,-0.7803133694920952,8.04491907233919,4.872578702119441,9.912455754904162,0.3324856461534353,51.608911000000006,4.705694887721919,2.89184576529313,9.21377678969496,5215.280063149426,2.666696212890733,-0.558572640625,-0.1473245,1.0993608305329536,-3.419294,1.182032,1.67883825,-0.5337889273201651,-0.7597471975835819,6.549134428418175,3.053851808772106,8.622663140200117,0.3790337339222231,35.748649,3.4168282870460613,2.0698865829084108,3.394599055728144,3751.727404507456,2.7876332819350704,10.094214984375,9.823378,1.1446588417478982,7.317676,14.28563,1.278363499999999,1.1926060092053024,2.9274787660321997,27.08989441480333,5.281194040357439,111.3207558279592,0.6325116940000375,646.029759,9.87845430693284,5.3641658089272255,26.864881244721527,420037.5378404255,0.0800807777847754,0.1182219375,0.0786439999999999,0.3572110409022005,-0.579119,0.821941,0.6080672500000001,0.2733097511886551,-0.8709550204941907,2.0133915798222857,1.127995485738519,2.428239510631191,0.1735414441309716,11.42630029114137,1.545529283719573,2.328585389298181,5.363917355954008,318.40296879007,2.8654635385065816,-1.0018452031249998,-1.3655125,1.0737892622369678,-2.678107,1.038512,1.6267535,0.3582435433064216,-1.096551023154515,6.319660112319186,1.914545200927852,12.740564939247836,0.4883415691571735,64.118093,2.4175531892044333,3.393918618395008,11.3127400782175,6472.323165005741,1.6411695962239106,0.27255403125,0.2515239999999999,0.4275768129460764,-0.515888,1.217984,0.305899,0.2560698987119326,-0.1376154116035901,2.8464378971250337,1.5455654299439343,3.619813181107345,0.2265272848548714,17.443458,1.6904732944939498,2.561529889022133,6.486971723093726,678.568197385858,2.684877565938889,window_9
Limping,1.493878046875,1.45738,0.7569055461148915,0.182203,3.407944,1.077137,0.2852154936448781,-0.3293274998327131,7.393650048051523,3.614707280884537,16.36005773911576,1.078620046414648,95.608195,3.5721176825874994,4.896318217782129,23.43705058606461,10314.161608328122,0.8922515955134258,-0.0049229375,0.090195,0.7631151795938121,-2.256123,1.339798,0.9680755,-0.8911686112609725,0.4452432599245268,4.719281878299991,3.49581738517906,3.864480299946852,0.3150680000000001,16.47811343377326,4.429983988910188,1.374841999053819,1.3695128216911314,1190.586541936896,3.7405367440153054,9.4977581875,9.286159,1.840486419512489,4.62047,14.55643,1.9964794999999995,0.5572309792141107,0.90111541017774,30.46469440940936,8.25027285011346,104.0922554957285,1.3517053012725924,607.856524,16.50051485523375,5.324383060793541,26.58632499584444,376425.4483086949,0.2041113035404884,-0.09017678125,-0.0988199999999999,0.2964885436112197,-0.70409,0.829136,0.3448017499999999,0.4687364568310278,1.0485540222274752,1.8320604037928017,0.7795285581175807,1.817840133270695,0.1618450567413816,5.771314,2.8428953064679376,0.9209029909290332,-0.8261275204498388,213.151618344802,3.5814090884467347,0.172359234375,0.1920945,0.3144807100485627,-0.512299,0.747802,0.5480465,-0.1795110820554448,-1.1376635020330177,2.053347001943547,1.119333134162456,2.4321935605893032,0.2472740177744151,11.030991,1.2309046753201909,2.29946193714428,4.571179637994601,324.217581650004,2.871747127634376,-0.0622976406249999,-0.031459,0.1748995459770557,-0.437548,0.511592,0.194185,0.4273836486986381,1.4165845321131334,1.2748025576002695,1.0233663355366571,0.910692081917956,0.1359120887323518,3.987049,1.252231865511896,1.092148179044442,0.8715640248345764,78.54341212583199,3.9875245189028616,window_10
Limping,1.87758721875,1.8804475,0.8991089266505662,-0.322967,3.389636,1.6026474999999996,-0.2576267294295857,-0.9466218777612756,8.971446242194615,3.350824801101318,20.5513783074526,0.8034201528632111,120.165582,7.191655093942963,4.936111773882667,23.793408333376856,16091.071936403872,0.8357246348465586,0.1059483593749999,0.3126675,0.9537742521868114,-1.843127,1.631093,1.4516155,-0.5324633615278407,-0.8526265304622589,5.594599145727396,3.482137875982885,5.319755301834795,0.935593460770946,26.456829863028037,5.360548004242352,2.092152911255777,5.224516185724431,1907.17875432874,3.369431813411762,10.032301109375,9.8823945,1.88973431785167,5.192382,14.65121,1.6152625,-0.1586586600600334,0.8528896875956455,31.941910661700643,9.200179426886663,109.95947576949676,2.103442669295799,642.067271,15.378838411023173,5.329735157945272,26.622774308949943,419563.9029831234,0.1942678609208147,0.085755171875,0.07518,0.2939430706805505,-0.554604,0.939984,0.337341,0.3603033586013432,0.4820046407143645,1.9803071176131717,1.3342058159672714,1.590860876980169,0.1025277484400602,6.291276872814711,1.9824903549805135,1.101054461757572,0.1928051956769589,206.478547519216,3.817116072552869,0.045810359375,0.021158,0.2163362181116588,-0.35562,0.4451,0.3535295,-0.0120757370349801,-1.1552698675210251,1.0981283020499046,0.5226963831704596,1.4345717115176286,0.1127590122627384,6.497686056301856,0.8469031184299657,2.253537712054804,4.651296606197464,104.444216423988,2.741048916694455,-0.038020453125,-0.005079,0.1966944309532658,-0.474586,0.583803,0.26959375,0.2339701055607615,0.6879536901733396,1.2041560413360757,0.7483413504489747,1.0997468040578504,0.2260897042690376,5.389315940805335,1.1780268412707977,2.012932234485122,4.380033049833247,85.101913757492,3.43335723331061,window_11
Limping,1.66243246875,1.6336135,1.0645350052886644,-1.176876,3.813518,1.2482005,-0.5221651587048926,0.4733397647253823,9.906490504396434,4.476630091023081,18.114625950975284,0.2702352191304661,106.395678,9.968816238707744,4.691878741168447,22.176775534125404,13640.9032786382,1.3200219650367806,-1.137095859375,-1.259471,0.9890845264832948,-3.305101,0.768185,1.42120025,0.0753447332711517,-0.6120116260225408,7.702204723876333,3.3007869803121093,12.991482199424231,0.6378105087813412,72.774135,3.804646904248794,3.9692339550663447,16.77976653314434,7299.282155086708,1.741972129680785,9.671819859375,9.594634,1.738750892793722,6.399257,12.92118,2.7584322500000003,0.2164953884379444,-0.9510665675157136,29.918782399058205,8.657339170334339,106.16650932512086,0.5327942435665801,618.9964709999999,13.007636931511502,5.329648813174015,26.62240634442087,389326.75976074126,0.1774471585018071,-0.0937615,-0.051523,0.3918556863024878,-0.981744,0.756125,0.4238755,-0.4726022851688068,-0.0544785871119497,2.46063522533125,1.5250276386114958,2.2129459607945754,0.1158173168397045,9.413159222868188,2.505897448622481,1.3413594261473707,1.258829757633772,350.45937720121594,3.620295825119168,0.6494019375,0.8517220000000001,0.7654398959386213,-0.589574,1.886929,1.354629,-0.0992804164302897,-1.4635148066157802,3.67217776678553,0.9916631892067338,8.83098783852173,0.1959596582568258,41.561724,1.0214578934327647,3.543360946437767,11.20304769716992,2927.0795441597656,1.320590138366168,-0.15635896875,-0.1880055,0.279612480367191,-0.621407,0.777521,0.4134165,0.5806863557004308,0.4496034308039354,1.748956792644839,0.8724752613411506,2.252561386662146,0.0263685066500853,10.006974,1.7072869539004656,2.4955421805280604,5.941986116940003,260.252245223034,2.6992790698253537,window_12
Limping,1.170056046875,1.0287575,1.0157133010831512,-0.870997,3.567024,1.4466395,0.0327705430332726,-0.5362255493004819,8.420623880677265,4.528157181549727,13.052054217423862,0.4097428349683931,74.883587,6.603523224782135,4.1435398618751655,18.11471842633531,7720.416826700936,1.8347556985046127,-1.01831365625,-0.761115,1.0679580188189637,-3.6787,0.87548,1.39182825,-0.232914227569058,-0.7045851692177649,7.345608099487613,3.829840811524144,12.298355750718692,0.9092752777188816,65.172074,3.5614379799285105,3.7277234694862966,13.602449029092655,6566.640400719793,1.766359666750333,9.257665140625,9.1830475,1.403995453033757,6.127869,12.49799,1.88715,0.4016249353279604,-0.1713265210011894,27.97591542379765,8.772858346017864,101.54857740563794,3.20055271070792,592.4905689999999,9.580807433607683,5.361359532592027,26.84544545707473,355032.49334106635,0.1362144300129234,-0.064667078125,-0.1462505,0.3414611507504507,-0.694763,0.799292,0.462645,0.6186863711498511,-0.0718478604476686,2.2034422782083327,1.6516290300913088,1.7723432782517965,0.442880730792934,8.324936362268524,2.23614926983912,1.619842333103381,2.5829903498027065,255.883474219528,3.71977609667918,-0.017062328125,-0.200938,0.4204920958492805,-0.574652,0.9671,0.6972655,0.4745793763858151,-1.0171490160030667,1.9580564197568924,0.989252406461686,2.7405635949897595,0.0649652695194794,11.202552489076488,0.8398452709473853,2.438119105729945,4.636376202312511,363.0295603563,2.5210815544513894,-0.0178775468749999,-0.003347,0.2376378082413398,-0.745312,0.503331,0.2745237499999999,-0.6725484788939181,1.2686121628577922,1.4625081008790723,1.1051286499616615,1.2313137495507445,0.0106166445301677,5.832492753394349,1.5465379674262674,1.4851279487404532,2.6809766504888586,116.962031839028,3.7040481872534072,window_13
Limping,0.0567565294117646,0.1163585,1.4364390253635435,-2.216867,2.063407,2.98756025,-0.3489042353039029,-1.3304795026028249,5.874896088029337,3.592343732951399,5.988193942447524,1.573687821655635,21.916181052233995,3.9908737355226336,1.6986572838455964,1.625372805604936,1196.33880253763,2.3835564712039954,-1.3022209411764705,-0.1914505,1.9444753213960249,-4.434294,0.576576,4.3022415,-0.8386068598740133,-1.2041847312758664,9.7327056804304,5.096447089493458,12.212164880009157,1.193031362244324,44.275512,4.038299159643966,1.97961329143972,2.482719329868911,4145.66302561299,1.953172458351596,9.217649764705882,9.281615,0.46704829568447,7.982196,10.11609,0.5881505000000011,-0.6155555842857375,0.0538726797867314,20.59937149731125,1.6946580721658202,73.21625117597331,0.9353801948783592,313.40009200000003,0.9479185492171304,3.7472205068467614,12.049426695275654,98344.21021990672,0.017676357870531,-0.1314225882352941,-0.1128095,0.235232972065382,-0.469869,0.162979,0.4541187499999999,-0.1345582541690649,-1.5768950092238612,1.0833953163365266,0.432804097707491,1.3718814286104728,0.0784955961450213,4.468368,0.9626151170797635,1.542427523157101,0.7628480304846934,51.948669115646,2.119181250935997,-0.488513705882353,-0.39812,0.4352273056549626,-1.386829,0.209014,0.4975517499999999,-0.5729137295196415,-0.3982054605662419,2.5113296460131,0.9547794872589024,4.0442553830694745,0.1659019992269533,16.609465999999998,1.4607063370182587,2.645217505246146,6.058123488075363,385.26722930532185,1.3371319865002425,0.1214357352941176,0.0579395,0.2032368020082671,-0.086617,0.596327,0.32615075,0.9884226033437894,-0.2888587650476215,0.9735105132551952,0.4749337070393366,1.2080088123501205,0.0307169055873872,4.128815,0.3765374145715865,1.674914853350094,1.3038236533446153,40.91913617227701,2.096418387470526,window_14
Normal Walk,1.769520609375,1.768855,0.0053482196179464,1.75411,1.778607,0.0080867499999999,-0.4066943278391019,-0.1671040031918624,3.5717936635562024,0.0300709428563851,19.69868340982588,0.0036640208576327,113.249319,0.0199006222418683,5.388143007269671,27.03214654049785,12825.466817778226,0.0001041856732264,-0.0003193281249999,-0.0014705,0.0063458917395791,-0.018188,0.012874,0.00776275,-0.3559311893786974,0.186306389566663,0.0398970913790261,0.0283602040808183,0.0315638769223401,0.0037502509778034,0.1179202284332017,0.0326217881003915,1.244411562307974,0.6402147471137605,0.0828177992599999,3.810880793483714,9.539155640625,9.5366235,0.0086179624048538,9.521223,9.562232,0.0101054999999998,0.7565364910648316,0.1648283404605761,19.13403433926349,0.0525012242542192,106.21354069264598,0.0039775383911261,610.5059610000001,0.0366146040979951,5.388157892936742,27.0322499535104,372717.67989006336,1.0825322967511256e-05,0.00144015625,0.001353,0.0002107886396036,0.001086,0.001885,0.0002659999999999,0.2874127176570806,-0.2858054597195041,0.004324815124942,0.0013197972467387,0.0157989878061087,0.0001885316015643,0.09217,0.0008951196357356,5.364931223031419,26.86931814634078,0.0085859853299999,0.128626057354401,0.00017846875,0.000374,0.0002988003079373,-0.000692,0.000907,0.0002659999999999,-0.6022443815045815,0.3246939543986231,0.0021106356436244,0.0014292127238669,0.0023097746626807,0.0002936895165913,0.0114219999999999,0.0020717499091895,2.459354212185847,6.418611602841981,0.0003132749379999,3.006641325625578,0.00015115625,0.000147,0.0002328558579592,-0.000386,0.00068,0.000532,-0.0302609407258175,-0.4060207098228892,0.0018437631525922,0.0013806372180723,0.0017278040975883,0.0001479712852071,0.009674,0.0014112777636646,2.9414943071347706,10.495923240623274,0.000204312626,3.214739814200734,window_0
Normal Walk,1.76904425,1.7692935,0.0046210691876988,1.758661,1.780119,0.0064065000000002,0.3141030074775663,-0.2495067290475341,3.566068093900135,0.0220564241159208,19.69423175535278,0.0049445683693444,113.218832,0.0266412794893302,5.388146828212625,27.03217308797841,12818.547394684108,7.870043076090418e-05,-0.000913921875,-0.001465,0.0046910862524868,-0.008715,0.008158,0.007206,0.3074189956637896,-0.7928309293621614,0.030557194598581,0.023356244750824,0.023800975077493,0.006158076925729,0.0956285214206987,0.0242415468506904,1.4483691284907243,1.3477901138592188,0.0480073138039999,3.7906415828381377,9.5401036875,9.5411575,0.0080023005420217,9.522309,9.558331,0.0113909999999997,0.0201149459032054,-0.4527654070403022,19.12562297772028,0.0384055609135614,106.225951029093,0.0099796384973128,610.566636,0.0287031221544785,5.388157558920628,27.03224763266992,372791.7480422773,9.128403460847684e-06,0.00129440625,0.001353,0.0002995697288795,0.000553,0.001885,0.000267,0.0395276598133798,-0.2675515737082277,0.0043065605048714,0.0012505901278027,0.0141981832968299,0.0002956823276751,0.082842,0.0012028855545765,5.2791686058110585,26.25625026124315,0.007044315914,0.25938591290628,0.0001494375,0.000108,0.0002117382578651,-0.000425,0.000641,0.0002659999999999,-0.6614622626839087,0.8114565156082492,0.001684409351625,0.0011292884638352,0.0017001539117556,0.0001795440041411,0.009564,0.0006829142158388,3.261334720388828,11.789739559651066,0.0001832882619999,2.965317311143129,0.000151140625,0.000147,0.0001967083713256,-0.000386,0.000413,0.000266,-0.2580861754842589,-0.5190510983185752,0.0015991263536842,0.0010946329379964,0.0016832302367627,0.000155473138137,0.009673,0.0008783951185338,3.49830908648712,13.770908607449336,0.000172495012,2.8377814417167917,window_1
Normal Walk,1.770735125,1.7710205,0.0049969181173874,1.760387,1.780802,0.0067154999999998,-0.0738746228678424,-0.6703953929455264,3.5733167188725794,0.0274089403714282,19.7123660319884,0.003770735338004,113.327048,0.0271767178158648,5.388146837679407,27.032173162408917,12843.070942478858,9.266096850243664e-05,-0.0008490625,-0.001409,0.0043117790842172,-0.011047,0.008075,0.0071125,-0.4602425409402174,-0.1772370193822463,0.0290258897544822,0.0206531472651593,0.0207935645969646,0.0031418276566937,0.0854970909987329,0.026538588451043,1.1307315899391623,0.629610088217762,0.0407959873499999,3.9705537053096647,9.5376561875,9.5373615,0.0073552747566691,9.522758,9.561752,0.0098389999999994,0.4292182697778042,0.4420027917491924,19.123215511778408,0.0403953957010838,106.19824594321364,0.0012738770731379,610.409996,0.0398432497981072,5.388158224847874,27.032252258602934,372600.47401360667,8.040800170603338e-06,0.0012445,0.001353,0.0002524163227685,0.00082,0.001885,0.000267,0.004441130879396,-0.4859269246315154,0.003887059238976,0.0011826835208232,0.0136823931718903,0.0001035244658092,0.079648,0.0007014241911994,5.297637938267584,26.37758381798376,0.006474147598,0.2010947410413956,0.000407546875,0.000374,0.0002234322415246,0.000108,0.000907,0.000267,0.3991079850907787,-0.402724486023847,0.0022303276607181,0.001279197774877,0.0044131956421436,0.000113838197485,0.026083,0.0010161883844846,4.915184148890777,23.67977496828599,0.000782421032,1.0648027906633435,0.000288484375,0.000147,0.0002939088396184,-0.000386,0.000946,0.000266,0.0266552191715679,-0.3191000736013305,0.0025408175315231,0.001701556533138,0.0031156869862847,0.0006855058158843,0.018463,0.0015738859867597,4.217557288682304,18.47175222697478,0.000517224292,2.292372429549709,window_2
Normal Walk,0.6481814218749999,0.580453,0.2558732459795343,0.438861,1.761398,0.0916084999999998,3.100232675505436,9.0056435906894,3.081526227974651,0.970534347627475,10.316944449704623,0.1904244031458987,82.96722199999999,1.1354483666318171,7.260840040750664,53.180762021850434,7419.849387007153,0.6416639262567798,-0.416275734375,-0.4304965,0.1189015939601213,-0.72836,-0.152393,0.123739,0.2401307351374252,0.0576669475361812,1.782940225245069,0.729828213595844,6.556669798918576,0.0820060970883905,53.283294,0.5617553399674964,7.570748116086179,56.47718212022837,2954.8028607262654,0.3982191064263632,9.8537526484375,9.7557045,0.3795796714251747,9.298503,10.64034,0.5597487500000007,0.5054114956170206,-0.9793778033014396,22.73795307023191,1.9487694123696293,156.07076308511228,0.1830071911389178,1261.280339,2.18837608128823,7.806772273274336,58.96967913276131,1592006.2463867725,0.011929366089929,-0.0048412734375,-0.005739,0.0209388138504618,-0.061696,0.05688,0.02604625,-0.125736636790343,0.1977178713520353,0.1972138785007896,0.1603786569859155,0.1521262460495009,0.0246588113102857,0.8585824278364655,0.1395225881560132,1.9478744984042016,4.67671675870492,3.970285351068,4.73590993565244,-0.0067313671875,-0.003746,0.0235445873277805,-0.078755,0.039554,0.0354395,-0.5762042653224598,0.3724747150418781,0.2114402883161739,0.1530606986611399,0.1944869937271468,0.0225980636584433,0.8834983021301595,0.1306071404709464,1.8902497507948852,3.0166733669417862,5.282059920144,4.431596639837173,-0.0297440390625,-0.0159525,0.0921276330873202,-0.400058,0.107553,0.0657495,-2.198576078445398,5.73154886391038,0.7173964650240892,0.331539859117388,0.8933634343819726,0.0165722957069923,3.807237,0.4823769250102502,1.9919976556693268,3.0442509244822133,84.01637849086801,3.899744991482396,window_0
Limping,3.302537484375,3.2562365,0.2499793495806824,2.88672,4.026143,0.2728967499999997,0.8237971680038684,0.1452339476228705,8.394322412589636,1.0142290397961886,52.24616334806297,0.0403664666307306,422.724798,1.2855492761292049,7.790427815134567,58.80055602962722,179208.0789349749,0.0391050652141236,-0.3859018984375,-0.3841394999999999,0.1059757996516657,-0.809897,-0.178789,0.1516925,-0.4388322956612104,0.9281600220916406,1.7458536251948684,0.8242060347154213,6.042604365633517,0.1537813953750064,49.39544299999999,0.7567772583886044,7.657690007070038,57.418464875375975,2531.908633611475,0.4022821059037668,9.457665968750002,9.3938255,0.500948932475141,8.565037,10.41561,0.9164495000000006,0.2114235501751074,-1.218826058126115,22.22348792847387,1.903357561277241,149.7891325457262,0.1027985868966671,1210.581244,2.1635263676756544,7.800027597539535,58.89987439115202,1467562.7292485223,0.0201289824830321,-0.002416109375,-0.0048059999999999,0.0247840016445949,-0.06063,0.051817,0.03723825,0.0093000597789497,-0.5998014811078702,0.1831630370672779,0.1082933337497811,0.2157905805654894,0.0137128857648563,1.3327870771165384,0.1321367982800037,3.1092918619604677,11.795125134837624,5.127313459744,3.720124553671089,-0.008698609375,-0.0138715,0.0366813023724354,-0.092078,0.069664,0.054025,0.2312642583597581,-0.6731305284452254,0.2899538846633873,0.2045059823917694,0.3278742555323016,0.0038798782876202,1.893045636667656,0.2290280275098132,2.7744095687638963,8.763555725039712,12.260786091024,3.8694365450891546,-0.0098822031249999,-0.016352,0.0568405147518529,-0.102153,0.125406,0.1067849999999999,0.1278430620549815,-1.152955539576067,0.4168476493909615,0.2424390858704319,0.5143349712516019,0.0293975965244595,2.7344144051541583,0.3628921465513238,2.749448858034424,8.335665019031447,28.05135522913,3.7119667234920577,window_1
Limping,3.266976556818182,3.212448,0.2946732143004062,2.684964,3.850982,0.3890279999999997,0.1562620804947879,-0.6542894286749679,8.091440830603945,0.7498647377973444,42.66896156646826,0.1243138944977882,287.493937,1.309491483671304,6.37693196184064,38.78571648644131,82988.91461854008,0.0490437700459848,-0.3640605454545454,-0.3432925,0.1143116546389448,-0.668012,-0.06983,0.1568985,-0.4112737710776987,0.098794085452007,1.5549493083862578,0.6470494557691873,4.69653165688379,0.1037993097301588,32.037328,0.7467189382046289,6.205650871993382,37.333295515244345,1076.9121860535502,0.4693146921006119,9.452549477272727,9.407198,0.4482170806769754,8.530445,10.24334,0.8175270000000019,0.1439188751559178,-1.2587315812160755,21.52086404549068,1.4659711253197387,123.6132771771799,0.0907777430558494,831.8243540000001,1.9609354767281892,6.397958705754759,38.96467993142305,692709.1548848592,0.0162404006191448,0.0033938863636363,0.006785,0.0262264817583088,-0.046241,0.053949,0.0441,-0.0121886563137925,-1.1505373293858,0.1717641637929976,0.0919846245743864,0.1817823425486983,0.0178865484993327,0.9703098364267502,0.1471743860183463,2.357548203928931,6.4563602977762535,2.752100913144,3.5590224442634155,-0.0018809318181818,-0.004679,0.0399965456911296,-0.071827,0.080056,0.0674815,0.2217919814645438,-1.1110022341116403,0.2383129513759011,0.138077649905314,0.2908249373664321,0.0188666799873896,1.670560482223817,0.1649775695000319,3.0386337478935497,11.066741224176216,6.220377107458001,3.1245306213868425,0.0135551931818181,0.0138915,0.0360870454031441,-0.063516,0.073712,0.0602205,-0.3203752971118878,-0.9007182278380581,0.2648527602832129,0.1695511522029911,0.2770606125617466,0.0295747471214254,1.2712455182403086,0.2038418053972637,2.215060405958426,4.624895584695747,6.46402097716,3.5944328058209107,window_2
Normal Walk,1.1079721875,0.8552120000000001,0.5769403360183214,0.650156,2.914759,0.4267562499999999,1.9145164059794917,2.4853316084488064,5.503050890286783,1.567490025977564,18.071355496985014,0.1207595347558754,141.82044000000002,1.9428873486214284,6.78891323382661,47.72372998368687,22838.87735036778,0.8497725144221591,-0.4337261875,-0.4336839999999999,0.1159976566333716,-0.64772,-0.152591,0.1614575,0.1774503048766487,-0.4969228685658047,1.919341511651904,0.8131169662194206,6.796697070875548,0.0618353607493246,55.516952,0.7074680125619823,7.65783081779596,57.425248002093,3192.253626342302,0.3839768653363237,9.9289942265625,9.893859,0.5477922531694442,8.838068,10.94274,0.933683750000002,0.0994457731986718,-1.1396183177398842,23.32365721020212,1.6625138079025847,157.2645995647464,0.1848176632386928,1270.9112610000002,3.076982965880364,7.798559199233937,58.88459004026383,1617673.4247628185,0.0214617051855908,-0.003685875,-0.00787,0.0263508437655466,-0.063561,0.073401,0.03424025,0.3614445301700037,0.3754809718391834,0.2240612700925352,0.1569239097955547,0.205181516917387,0.011292642634131,1.1946683610367594,0.2267588545386197,2.344601246770852,7.4384904730277,5.907386088960001,4.393975603999399,0.0002882734375,-0.0045455,0.0287386368391151,-0.052642,0.124023,0.03237525,1.2690830052147597,2.5555969191433547,0.222833038845549,0.1412261578763199,0.2363354693320926,0.0077482895615124,1.0465168987238262,0.1443611865790391,2.127214662675959,3.865667044279464,6.752577104995998,4.127126964705104,0.014390875,-0.0044945,0.0853419930924981,-0.114677,0.313528,0.10865025,1.1993146782841528,1.5470018934975167,0.6033778838453773,0.3227133616768413,0.7878145904778449,0.0377209490153944,3.299261665461227,0.3740113481535709,2.355330914563482,4.518447082126409,63.021868779744,3.682255432654844,window_3
Normal Walk,1.0556197111111112,1.068261,0.0648672532976633,0.886249,1.150491,0.0859769999999999,-0.8303399077166136,-0.029443801167214,2.456987237809748,0.1794289356812423,9.83491703969242,0.0295745307408342,47.502887,0.3715637509477885,4.356966497360844,17.00634624365634,2260.7723482166302,0.0246354388810701,-0.4012555777777778,-0.409709,0.1129491956039408,-0.625175,-0.156103,0.165983,0.1994487411008107,-0.5121524236828234,1.4483207598125127,0.6698743972037046,3.6479187268658415,0.0525379092596823,18.056501,0.5952577344787328,4.272051765392782,16.534802446054584,338.9087693446927,0.3696903123111542,9.964088755555556,9.887875,0.4723938582026257,9.194884,10.96119,0.6931029999999989,0.3605866835519131,-0.7712785785846443,22.364201707893304,0.9067489787397665,92.99818737806748,0.0152776808122022,448.383994,2.407507827881936,4.35927636153018,17.01931387338156,201274.0482200248,0.0153257381116966,0.0059444222222222,0.005719,0.0283136090579847,-0.063827,0.081661,0.024248,0.3081277384778402,1.5695728926685408,0.1646555104113101,0.1544569980428662,0.1139944608321769,0.016043361273407,0.3976236322061007,0.207036714757961,0.2073849823598698,-1.2459408886503738,0.8823358326030114,3.6435019764494383,0.0067968666666666,0.008644,0.0156977280119696,-0.028127,0.041153,0.018919,-0.2189752119189547,-0.2171600666063504,0.1038152362112359,0.091652541845968,0.0687707727460123,0.01718292789619,0.305859,0.0613382928935195,1.385955200692135,1.6889991031655072,0.3411544939809246,3.496066056541638,-0.0052496888888888,-0.024613,0.0606458540888812,-0.101087,0.117145,0.103921,0.2689973293662655,-1.1575177384177968,0.2772010137173812,0.150614992997216,0.3075268962019257,0.0444111920832352,1.1890266080120862,0.2186983062000078,1.997268906996912,3.015096966480783,3.771090265657743,2.5401860579064626,window_4
Normal Walk,-0.8585381328124999,-0.887655,0.1039647675074628,-0.971956,-0.459624,0.0695165,2.383691477424095,5.337453291995928,2.4862850200708624,0.4978515207702452,13.560834143131146,0.0661442253645584,109.892881,0.6057970291306959,7.760490078358267,58.48958685777488,12164.981494946574,0.0909884506687526,-0.3633454609375,-0.3760615,0.128842583335544,-0.630424,-0.077097,0.1387782499999999,0.4046647770925983,-0.2411273584807451,1.6021096236588064,0.4573198648033885,5.774836906467345,0.1249463178879159,46.508219,0.623141481013014,7.351401689184052,54.14067280423141,2298.591778721119,0.5343369001502267,9.753630484375,9.710279,0.1717043007732054,9.458746,10.27083,0.162037999999999,1.1818258894985554,1.042882157887698,20.68655146239245,0.7268169148595776,154.69312788308008,0.1057247566921629,1248.4647020000002,0.7763044158383637,7.81007662199877,59.00366175983055,1558905.422442059,0.0027437992062953,-0.0104030078125,-0.0084235,0.0146707350353178,-0.053855,0.026883,0.0202515,-0.4913351466467162,-0.0072616833681835,0.1347487777796909,0.0807221402786384,0.1926044803369835,0.0038231427828178,1.331585,0.1195667036083775,4.210210432107366,21.550003639534623,3.536238013376,3.050999354264948,-0.006740859375,-0.006297,0.0076650255307125,-0.023618,0.008624,0.0118575,-0.2372295498837635,-0.7869728337143318,0.0798168001444258,0.0479997125820681,0.1129103530289009,0.0122447717110569,0.86283,0.0573268319844514,5.338907569025816,33.4344236746247,1.22364604201,2.779229219315807,0.0002642343749999,0.005333,0.0175642954822793,-0.0381,0.028782,0.0231825,-0.8147437774019778,-0.3994495816623855,0.1279208429322493,0.0714712835919232,0.1512542498391666,0.001291230302658,0.8258216728850651,0.1015667296139705,2.611165357751456,7.327148856966291,2.511461769658,3.817622264411124,window_0
Normal Walk,-0.5642966171874999,-0.8320645,0.4015364469163478,-1.003321,0.024481,0.8039172499999999,0.2991046078412328,-1.782428589736807,2.873898413656244,0.8360583489083173,9.690017573178476,0.0188188093633604,72.229967,0.8174870275601782,6.185338659921611,39.43834998141482,6537.966890273508,1.001850724128216,-0.171790171875,-0.1631335,0.1366673121560911,-0.429545,0.112111,0.2160165,0.0381251050755126,-0.876107600157729,1.2544722310544365,0.4559202809834182,2.893350684566132,0.0859717778110933,21.989142,0.8092829755481501,5.991122516101527,38.81793968177959,636.491440791424,1.5756049226689004,10.1119773046875,9.978588,0.397135039947618,9.580946,10.99823,0.60076675,0.6556642703655826,-0.8594203003682099,22.68367506661467,1.2579933144961464,160.25655454459766,0.1587620795394468,1294.333095,1.4076010052869496,7.804707453937416,58.94815541609013,1676589.5928981346,0.0113662971969788,0.0043464296875,0.000613,0.0202660933587681,-0.027475,0.067338,0.02381325,0.8390696677766347,0.4457506975477598,0.1571080653891213,0.0917022307002024,0.1808158018096388,0.0041986292045536,0.7503616828753961,0.107416458603336,2.043844735802668,3.2992189035333093,3.6721470972400008,4.012626390246117,0.0006663906249999,-0.001443,0.0136119289579687,-0.026016,0.05185,0.01994075,0.5997668704396805,0.5640343471422775,0.1065820776846604,0.0696276071094732,0.1115664164563915,0.002352009703202,0.5555611687610125,0.0813818178548731,2.3797181988354392,5.661884804457136,1.5236354921280002,4.1005557277946725,-0.0162239765625,-0.009589,0.0303191750911925,-0.108148,0.0456,0.0359405,-0.8835634379715722,0.7784175504573545,0.2761337466039221,0.1691356972740088,0.3293544464609607,0.0151142256500292,2.076669,0.2315425777634498,3.492762429209554,14.517889291950688,11.822348634695995,3.5962028445575087,window_1
Normal Walk,-0.203723796875,-0.208158,0.0596844994275051,-0.323777,-0.056289,0.07418125,0.6064266019043896,-0.0155662425879579,0.8366132722536697,0.2461950171507122,3.2218869770714007,0.0437077120174361,26.076646,0.2686874052775966,7.510932496040314,55.852431080272645,709.15055746133,0.40291375987424,-0.034399796875,-0.048637,0.1085906534477472,-0.314041,0.274617,0.1198782499999999,0.2778171916585921,0.4440713595692345,0.947320668470933,0.6090767446546376,0.9545374966494428,0.023818580094869,4.403174,0.8368239456124833,1.867950567531775,3.08653804832156,115.747730011008,4.299494763501821,10.253374984375,10.34291,0.3475063701550795,9.491734,10.81061,0.5532985000000004,-0.4747813462802891,-0.8422519276934013,22.779280134221224,1.276057322597764,162.51233531450129,0.117912556900906,1312.431998,1.9269619741921404,7.806630268061539,58.96803420999101,1723465.9028995992,0.0087733597764381,0.0108608671875,0.010582,0.0287406922330873,-0.035516,0.06494,0.048163,0.1806545768907772,-1.1870296586526257,0.2298663610623793,0.1168258612481699,0.2879916142842788,0.0094475477049344,1.390191,0.1640508844668744,2.426580948274824,5.648720254205744,8.689773686151998,3.7556136721329,0.00874921875,0.009482,0.0249976206961337,-0.039814,0.064906,0.03690475,-0.0109647467006852,-0.7219171027948681,0.1794387620465947,0.0831617973888914,0.2593639865108696,0.0116978152084626,1.4070485813202835,0.1300360144828253,2.8647029259163577,8.742674541964812,6.365948596712,3.39072832519806,-0.0131274453125,-0.0247459999999999,0.0446859180177688,-0.081502,0.08557,0.07134525,0.5941192884948145,-0.8519098253335167,0.3197844455436959,0.1508111205678269,0.4438405409588261,0.0142667188971581,2.066664000411503,0.2285656426640471,2.36988170661993,4.970032718379988,19.15241711426,3.6039751042033648,window_2
Normal Walk,-0.2261309027777777,-0.216402,0.0509937325493044,-0.328768,-0.110756,0.08413175,-0.3300626654225108,-0.6874551302643161,0.7109632879388977,0.1512367682087644,2.6542838820007137,0.0134150157647052,16.281425,0.1775260000728598,5.602114972885596,29.897108781770747,271.824902029644,0.229749058483832,0.0337259583333333,0.0627534999999999,0.1338142922137946,-0.304405,0.28499,0.170591,-0.6383892421471047,-0.0930210204189259,0.7609519819269426,0.4298198689825417,0.9347601624815688,0.021913727328508,4.745024355308233,0.5551788762258822,2.794749396148255,8.025905461660333,52.3016812858,2.853641556171462,10.052525208333334,10.12312,0.4419435624731629,9.377057,11.0467,0.6711687500000014,0.39557700507325,-0.6300005387123888,22.00412297664188,0.9090508980289868,118.66567497067602,0.2080783812678757,723.781815,0.9347863518407384,5.740412728109219,30.97868247481326,524366.0583918229,0.0130577611214374,0.0049194861111111,-0.001409,0.0231638386601191,-0.023525,0.072401,0.0287115,1.080304516131104,0.4415178856971997,0.1486613852301134,0.0963347482250153,0.1411342722528893,0.0185671250549063,0.6072807542123131,0.1288275787194584,1.670611828832936,2.208425134798955,1.5126872494639998,3.610996066345802,-0.0003511805555555,-0.0041075,0.0221298098559175,-0.043011,0.05558,0.022383,0.7198424853758941,0.2297501939099024,0.1148042869535318,0.0511092336305146,0.1485664424535814,0.0112483267685577,0.7458880148272812,0.0881232435008399,2.6910278797782934,7.486150831731518,1.2690724365439998,2.7945335165914367,-0.0095572222222222,-0.0190165,0.041948120630734,-0.07937,0.093031,0.055491,0.4380062072704282,-0.5839352107236144,0.1884301282875843,0.0733639969149601,0.3230193647145323,0.0012714746066679,1.7908978477604736,0.1509883482219143,3.5481607757709765,14.131914767700732,5.034507236174,2.0740758466794214,window_3
Limping,0.1819162734375,0.2002324999999999,0.3142759406965953,-0.431536,0.687273,0.518926,-0.3440183895448419,-1.017323592709157,2.2002751999994734,0.8358388646154793,4.033646718885819,0.0343825051417359,23.285283,1.6542983856808309,3.6814935014951375,13.866831153150482,1351.137075744708,2.680878318698229,0.1436059453124999,0.125442,0.1607795264067142,-0.121026,0.482063,0.2473105,0.2684478056252289,-0.9675298563739968,1.406719981797509,0.6258554261748026,2.5704176123273825,0.0197577528160373,18.381561,0.9438665998434028,4.86704723151467,27.59033380135506,549.4980997728759,2.3705731505720107,10.12797853125,10.149395,0.3231941430252038,9.446904,10.66553,0.4672662500000015,-0.5354141331819062,-0.4901911557444762,22.290511861162944,0.9764050995091432,160.54888749844758,0.0262887519051094,1296.381252,2.1050820395698477,7.806987448398186,58.97180884779776,1681459.9805453967,0.0079615123709126,0.0128468593749999,0.0064515,0.0282248868818964,-0.039513,0.072668,0.031775,0.5338199615775523,-0.2797183389529665,0.2157202895616896,0.1014471941607304,0.3125461858779067,0.006197734300683,1.644398,0.1655522124604426,3.114784930622598,9.571629072735895,9.230103144666,3.2614987651662712,0.0125067421875,0.0105475,0.0426564450994157,-0.073654,0.105675,0.0559565,0.0456489283295217,-0.5887189521473308,0.3115453396694568,0.1581044016596387,0.4193377153411738,0.0039516452275367,1.9794660715347463,0.2410764106541085,2.673850942812441,6.9295721997181445,17.465895563348,3.5528168194235024,0.00291234375,0.004565,0.0296373553374362,-0.060985,0.060256,0.04349975,-0.2062253919254535,-0.821354973569028,0.2061009808305615,0.0958049776671794,0.2684308645513878,0.0073799769513188,1.6218070275320473,0.24704028533009,2.9133368244845075,10.886468426070502,7.330095573959999,3.621037445551764,window_4
Limping,0.1364475,0.1076715,0.2667247005195326,-0.321559,0.563376,0.4552525,-0.0425381328456897,-1.3529771907706154,2.1340083412035797,1.033397851055487,3.052569601264977,0.0788203846621137,17.46528,1.621610320220595,3.2539249928983414,11.660114931589154,887.8190573371821,3.2868573637680805,0.2168435234374999,0.1979555,0.1364469171582261,-0.104809,0.651822,0.16729975,0.521512985124208,0.7956553739692063,1.446887384626986,0.6789800286645242,3.5103886739924226,0.0705948509265003,27.755971,0.968883611954676,6.637109809961954,46.407989166661125,922.643951762368,1.284557168112113,9.952624140625,9.9822595,0.3010551587874339,9.33166,10.45533,0.4721164999999985,-0.2637717835456494,-1.0182571677368255,21.734878775512644,0.8501901923219619,157.78848253206883,0.1044455303974087,1273.9358900000002,1.6393446336883983,7.807305396467206,58.97505486516819,1623655.05121019,0.0070825916832701,-0.0008468046874999,-0.0014085,0.0240793528765629,-0.044309,0.053482,0.040436,0.1328067533472788,-0.9898373828864536,0.1919603709810322,0.1135079278578043,0.1936813613733894,0.016780600265183,0.9858424504696582,0.1243418930471464,2.218156770955057,5.175978613221362,4.75912024132,4.20901560639946,-0.0040493125,-0.006639,0.0372008724088625,-0.075786,0.070502,0.058155,0.0875641929053047,-1.068098683894523,0.2797850322632035,0.1740628220270676,0.3209880269596954,0.0303678975641757,1.9125221124137808,0.1755723511046172,2.821644521717438,9.4768440710908,11.60403057472,3.832035358238044,-0.0002081796874999,-0.008891,0.0336003482186275,-0.051392,0.06825,0.05455875,0.4075640827990915,-1.0350762225875296,0.2254474362416949,0.1206171475332114,0.306005533243452,0.0122342408354799,1.7405086848306588,0.1528555985798211,2.8346759503602037,8.91340373540087,9.245819704548,3.5097341130107216,window_5
Limping,0.4245155714285714,0.4365645,0.0473387709451992,0.276524,0.510864,0.0396809999999999,-1.333639995904944,2.150889232215522,1.0550575148372974,0.2317720735953499,3.006891303746836,0.0548162419718499,11.886436,0.1732908967205394,3.3173973262801524,9.03268577544382,142.163583410282,0.0721556605509529,0.3428096785714286,0.361557,0.0991882710224974,0.169581,0.511949,0.166349,-0.2049969253369419,-1.1594512122066594,1.0207661722148589,0.1864436720225479,2.411197949437042,0.0145616320845904,9.598671,0.4840446033044657,3.181532066424435,8.45388965448126,95.98174781590598,0.320853261172543,10.07744839285714,10.109875,0.1238052621349751,9.830315,10.32565,0.1773539999999993,-0.3119337385286589,-0.5229570455947807,20.651814834906062,0.4617354881643308,72.53281587893596,0.0808138763146469,282.168555,0.4703614412724912,3.328021143186823,9.076189659846174,79625.09569424021,0.0013326773837238,-0.0045016785714285,0.0049865,0.0206968234002459,-0.040579,0.030567,0.036039,-0.6430917420559824,-0.985460477604065,0.0812605078886607,0.0459787348083296,0.0807811313583441,0.0177504523040963,0.3333108005470886,0.0862310606111141,2.081415121215189,3.897604572199044,0.1838040585619999,2.064489293931528,0.0017070357142857,0.0222725,0.0352077312740115,-0.069124,0.032931,0.0684805,-0.9434499179624896,-0.9080835777606068,0.1220256746387708,0.0647799342672607,0.1413540670361738,0.0241777233212724,0.5190477543714749,0.0454790795217167,1.9841485056406136,2.4312094023549458,0.488197325542,1.7877973370898737,-0.0055984285714285,-0.008358,0.0093790128761299,-0.017018,0.016023,0.01412275,0.6920549117524598,-0.687970595019765,0.0477766333485703,0.0245822295630895,0.0439447442983538,0.0124236909999931,0.156756,0.0409457797470361,1.3985716634610803,0.7244284995679062,0.058992461438,2.350239105300957,window_6
Normal Walk,-0.8585381328124999,-0.887655,0.1039647675074628,-0.971956,-0.459624,0.0695165,2.383691477424095,5.337453291995928,2.4862850200708624,0.4978515207702452,13.560834143131146,0.0661442253645584,109.892881,0.6057970291306959,7.760490078358267,58.48958685777488,12164.981494946574,0.0909884506687526,-0.3633454609375,-0.3760615,0.128842583335544,-0.630424,-0.077097,0.1387782499999999,0.4046647770925983,-0.2411273584807451,1.6021096236588064,0.4573198648033885,5.774836906467345,0.1249463178879159,46.508219,0.623141481013014,7.351401689184052,54.14067280423141,2298.591778721119,0.5343369001502267,9.753630484375,9.710279,0.1717043007732054,9.458746,10.27083,0.162037999999999,1.1818258894985554,1.042882157887698,20.68655146239245,0.7268169148595776,154.69312788308008,0.1057247566921629,1248.4647020000002,0.7763044158383637,7.81007662199877,59.00366175983055,1558905.422442059,0.0027437992062953,-0.0104030078125,-0.0084235,0.0146707350353178,-0.053855,0.026883,0.0202515,-0.4913351466467162,-0.0072616833681835,0.1347487777796909,0.0807221402786384,0.1926044803369835,0.0038231427828178,1.331585,0.1195667036083775,4.210210432107366,21.550003639534623,3.536238013376,3.050999354264948,-0.006740859375,-0.006297,0.0076650255307125,-0.023618,0.008624,0.0118575,-0.2372295498837635,-0.7869728337143318,0.0798168001444258,0.0479997125820681,0.1129103530289009,0.0122447717110569,0.86283,0.0573268319844514,5.338907569025816,33.4344236746247,1.22364604201,2.779229219315807,0.0002642343749999,0.005333,0.0175642954822793,-0.0381,0.028782,0.0231825,-0.8147437774019778,-0.3994495816623855,0.1279208429322493,0.0714712835919232,0.1512542498391666,0.001291230302658,0.8258216728850651,0.1015667296139705,2.611165357751456,7.327148856966291,2.511461769658,3.817622264411124,window_0
Normal Walk,-0.5642966171874999,-0.8320645,0.4015364469163478,-1.003321,0.024481,0.8039172499999999,0.2991046078412328,-1.782428589736807,2.873898413656244,0.8360583489083173,9.690017573178476,0.0188188093633604,72.229967,0.8174870275601782,6.185338659921611,39.43834998141482,6537.966890273508,1.001850724128216,-0.171790171875,-0.1631335,0.1366673121560911,-0.429545,0.112111,0.2160165,0.0381251050755126,-0.876107600157729,1.2544722310544365,0.4559202809834182,2.893350684566132,0.0859717778110933,21.989142,0.8092829755481501,5.991122516101527,38.81793968177959,636.491440791424,1.5756049226689004,10.1119773046875,9.978588,0.397135039947618,9.580946,10.99823,0.60076675,0.6556642703655826,-0.8594203003682099,22.68367506661467,1.2579933144961464,160.25655454459766,0.1587620795394468,1294.333095,1.4076010052869496,7.804707453937416,58.94815541609013,1676589.5928981346,0.0113662971969788,0.0043464296875,0.000613,0.0202660933587681,-0.027475,0.067338,0.02381325,0.8390696677766347,0.4457506975477598,0.1571080653891213,0.0917022307002024,0.1808158018096388,0.0041986292045536,0.7503616828753961,0.107416458603336,2.043844735802668,3.2992189035333093,3.6721470972400008,4.012626390246117,0.0006663906249999,-0.001443,0.0136119289579687,-0.026016,0.05185,0.01994075,0.5997668704396805,0.5640343471422775,0.1065820776846604,0.0696276071094732,0.1115664164563915,0.002352009703202,0.5555611687610125,0.0813818178548731,2.3797181988354392,5.661884804457136,1.5236354921280002,4.1005557277946725,-0.0162239765625,-0.009589,0.0303191750911925,-0.108148,0.0456,0.0359405,-0.8835634379715722,0.7784175504573545,0.2761337466039221,0.1691356972740088,0.3293544464609607,0.0151142256500292,2.076669,0.2315425777634498,3.492762429209554,14.517889291950688,11.822348634695995,3.5962028445575087,window_1
Normal Walk,-0.203723796875,-0.208158,0.0596844994275051,-0.323777,-0.056289,0.07418125,0.6064266019043896,-0.0155662425879579,0.8366132722536697,0.2461950171507122,3.2218869770714007,0.0437077120174361,26.076646,0.2686874052775966,7.510932496040314,55.852431080272645,709.15055746133,0.40291375987424,-0.034399796875,-0.048637,0.1085906534477472,-0.314041,0.274617,0.1198782499999999,0.2778171916585921,0.4440713595692345,0.947320668470933,0.6090767446546376,0.9545374966494428,0.023818580094869,4.403174,0.8368239456124833,1.867950567531775,3.08653804832156,115.747730011008,4.299494763501821,10.253374984375,10.34291,0.3475063701550795,9.491734,10.81061,0.5532985000000004,-0.4747813462802891,-0.8422519276934013,22.779280134221224,1.276057322597764,162.51233531450129,0.117912556900906,1312.431998,1.9269619741921404,7.806630268061539,58.96803420999101,1723465.9028995992,0.0087733597764381,0.0108608671875,0.010582,0.0287406922330873,-0.035516,0.06494,0.048163,0.1806545768907772,-1.1870296586526257,0.2298663610623793,0.1168258612481699,0.2879916142842788,0.0094475477049344,1.390191,0.1640508844668744,2.426580948274824,5.648720254205744,8.689773686151998,3.7556136721329,0.00874921875,0.009482,0.0249976206961337,-0.039814,0.064906,0.03690475,-0.0109647467006852,-0.7219171027948681,0.1794387620465947,0.0831617973888914,0.2593639865108696,0.0116978152084626,1.4070485813202835,0.1300360144828253,2.8647029259163577,8.742674541964812,6.365948596712,3.39072832519806,-0.0131274453125,-0.0247459999999999,0.0446859180177688,-0.081502,0.08557,0.07134525,0.5941192884948145,-0.8519098253335167,0.3197844455436959,0.1508111205678269,0.4438405409588261,0.0142667188971581,2.066664000411503,0.2285656426640471,2.36988170661993,4.970032718379988,19.15241711426,3.6039751042033648,window_2
Normal Walk,-0.2261309027777777,-0.216402,0.0509937325493044,-0.328768,-0.110756,0.08413175,-0.3300626654225108,-0.6874551302643161,0.7109632879388977,0.1512367682087644,2.6542838820007137,0.0134150157647052,16.281425,0.1775260000728598,5.602114972885596,29.897108781770747,271.824902029644,0.229749058483832,0.0337259583333333,0.0627534999999999,0.1338142922137946,-0.304405,0.28499,0.170591,-0.6383892421471047,-0.0930210204189259,0.7609519819269426,0.4298198689825417,0.9347601624815688,0.021913727328508,4.745024355308233,0.5551788762258822,2.794749396148255,8.025905461660333,52.3016812858,2.853641556171462,10.052525208333334,10.12312,0.4419435624731629,9.377057,11.0467,0.6711687500000014,0.39557700507325,-0.6300005387123888,22.00412297664188,0.9090508980289868,118.66567497067602,0.2080783812678757,723.781815,0.9347863518407384,5.740412728109219,30.97868247481326,524366.0583918229,0.0130577611214374,0.0049194861111111,-0.001409,0.0231638386601191,-0.023525,0.072401,0.0287115,1.080304516131104,0.4415178856971997,0.1486613852301134,0.0963347482250153,0.1411342722528893,0.0185671250549063,0.6072807542123131,0.1288275787194584,1.670611828832936,2.208425134798955,1.5126872494639998,3.610996066345802,-0.0003511805555555,-0.0041075,0.0221298098559175,-0.043011,0.05558,0.022383,0.7198424853758941,0.2297501939099024,0.1148042869535318,0.0511092336305146,0.1485664424535814,0.0112483267685577,0.7458880148272812,0.0881232435008399,2.6910278797782934,7.486150831731518,1.2690724365439998,2.7945335165914367,-0.0095572222222222,-0.0190165,0.041948120630734,-0.07937,0.093031,0.055491,0.4380062072704282,-0.5839352107236144,0.1884301282875843,0.0733639969149601,0.3230193647145323,0.0012714746066679,1.7908978477604736,0.1509883482219143,3.5481607757709765,14.131914767700732,5.034507236174,2.0740758466794214,window_3
Limping,0.1819162734375,0.2002324999999999,0.3142759406965953,-0.431536,0.687273,0.518926,-0.3440183895448419,-1.017323592709157,2.2002751999994734,0.8358388646154793,4.033646718885819,0.0343825051417359,23.285283,1.6542983856808309,3.6814935014951375,13.866831153150482,1351.137075744708,2.680878318698229,0.1436059453124999,0.125442,0.1607795264067142,-0.121026,0.482063,0.2473105,0.2684478056252289,-0.9675298563739968,1.406719981797509,0.6258554261748026,2.5704176123273825,0.0197577528160373,18.381561,0.9438665998434028,4.86704723151467,27.59033380135506,549.4980997728759,2.3705731505720107,10.12797853125,10.149395,0.3231941430252038,9.446904,10.66553,0.4672662500000015,-0.5354141331819062,-0.4901911557444762,22.290511861162944,0.9764050995091432,160.54888749844758,0.0262887519051094,1296.381252,2.1050820395698477,7.806987448398186,58.97180884779776,1681459.9805453967,0.0079615123709126,0.0128468593749999,0.0064515,0.0282248868818964,-0.039513,0.072668,0.031775,0.5338199615775523,-0.2797183389529665,0.2157202895616896,0.1014471941607304,0.3125461858779067,0.006197734300683,1.644398,0.1655522124604426,3.114784930622598,9.571629072735895,9.230103144666,3.2614987651662712,0.0125067421875,0.0105475,0.0426564450994157,-0.073654,0.105675,0.0559565,0.0456489283295217,-0.5887189521473308,0.3115453396694568,0.1581044016596387,0.4193377153411738,0.0039516452275367,1.9794660715347463,0.2410764106541085,2.673850942812441,6.9295721997181445,17.465895563348,3.5528168194235024,0.00291234375,0.004565,0.0296373553374362,-0.060985,0.060256,0.04349975,-0.2062253919254535,-0.821354973569028,0.2061009808305615,0.0958049776671794,0.2684308645513878,0.0073799769513188,1.6218070275320473,0.24704028533009,2.9133368244845075,10.886468426070502,7.330095573959999,3.621037445551764,window_4
Limping,0.1364475,0.1076715,0.2667247005195326,-0.321559,0.563376,0.4552525,-0.0425381328456897,-1.3529771907706154,2.1340083412035797,1.033397851055487,3.052569601264977,0.0788203846621137,17.46528,1.621610320220595,3.2539249928983414,11.660114931589154,887.8190573371821,3.2868573637680805,0.2168435234374999,0.1979555,0.1364469171582261,-0.104809,0.651822,0.16729975,0.521512985124208,0.7956553739692063,1.446887384626986,0.6789800286645242,3.5103886739924226,0.0705948509265003,27.755971,0.968883611954676,6.637109809961954,46.407989166661125,922.643951762368,1.284557168112113,9.952624140625,9.9822595,0.3010551587874339,9.33166,10.45533,0.4721164999999985,-0.2637717835456494,-1.0182571677368255,21.734878775512644,0.8501901923219619,157.78848253206883,0.1044455303974087,1273.9358900000002,1.6393446336883983,7.807305396467206,58.97505486516819,1623655.05121019,0.0070825916832701,-0.0008468046874999,-0.0014085,0.0240793528765629,-0.044309,0.053482,0.040436,0.1328067533472788,-0.9898373828864536,0.1919603709810322,0.1135079278578043,0.1936813613733894,0.016780600265183,0.9858424504696582,0.1243418930471464,2.218156770955057,5.175978613221362,4.75912024132,4.20901560639946,-0.0040493125,-0.006639,0.0372008724088625,-0.075786,0.070502,0.058155,0.0875641929053047,-1.068098683894523,0.2797850322632035,0.1740628220270676,0.3209880269596954,0.0303678975641757,1.9125221124137808,0.1755723511046172,2.821644521717438,9.4768440710908,11.60403057472,3.832035358238044,-0.0002081796874999,-0.008891,0.0336003482186275,-0.051392,0.06825,0.05455875,0.4075640827990915,-1.0350762225875296,0.2254474362416949,0.1206171475332114,0.306005533243452,0.0122342408354799,1.7405086848306588,0.1528555985798211,2.8346759503602037,8.91340373540087,9.245819704548,3.5097341130107216,window_5
Limping,0.4245155714285714,0.4365645,0.0473387709451992,0.276524,0.510864,0.0396809999999999,-1.333639995904944,2.150889232215522,1.0550575148372974,0.2317720735953499,3.006891303746836,0.0548162419718499,11.886436,0.1732908967205394,3.3173973262801524,9.03268577544382,142.163583410282,0.0721556605509529,0.3428096785714286,0.361557,0.0991882710224974,0.169581,0.511949,0.166349,-0.2049969253369419,-1.1594512122066594,1.0207661722148589,0.1864436720225479,2.411197949437042,0.0145616320845904,9.598671,0.4840446033044657,3.181532066424435,8.45388965448126,95.98174781590598,0.320853261172543,10.07744839285714,10.109875,0.1238052621349751,9.830315,10.32565,0.1773539999999993,-0.3119337385286589,-0.5229570455947807,20.651814834906062,0.4617354881643308,72.53281587893596,0.0808138763146469,282.168555,0.4703614412724912,3.328021143186823,9.076189659846174,79625.09569424021,0.0013326773837238,-0.0045016785714285,0.0049865,0.0206968234002459,-0.040579,0.030567,0.036039,-0.6430917420559824,-0.985460477604065,0.0812605078886607,0.0459787348083296,0.0807811313583441,0.0177504523040963,0.3333108005470886,0.0862310606111141,2.081415121215189,3.897604572199044,0.1838040585619999,2.064489293931528,0.0017070357142857,0.0222725,0.0352077312740115,-0.069124,0.032931,0.0684805,-0.9434499179624896,-0.9080835777606068,0.1220256746387708,0.0647799342672607,0.1413540670361738,0.0241777233212724,0.5190477543714749,0.0454790795217167,1.9841485056406136,2.4312094023549458,0.488197325542,1.7877973370898737,-0.0055984285714285,-0.008358,0.0093790128761299,-0.017018,0.016023,0.01412275,0.6920549117524598,-0.687970595019765,0.0477766333485703,0.0245822295630895,0.0439447442983538,0.0124236909999931,0.156756,0.0409457797470361,1.3985716634610803,0.7244284995679062,0.058992461438,2.350239105300957,window_6
Normal Walk,-1.4607926171875,-1.426669,1.0661182169837358,-3.689244,1.073814,1.6906830000000004,-0.0886781918873251,-0.6604970049121159,11.918238161817088,6.745962661483373,23.44574122115281,1.0477934789432355,186.981455,9.416370332157978,6.53467014166341,45.63400855395486,44271.81966662767,1.6935021595528832,-0.6493303046875001,-0.40276,1.13117535022263,-3.823845,2.191627,1.4368895,-0.5568071968321493,0.0515803841656823,11.678490293808466,9.009940328184232,11.632797096219283,1.353029815711796,83.114279,9.427539922956132,3.770853748022509,19.71729209131609,17389.382644760724,3.973000987060779,9.816295414062498,9.6506465,1.4224524558408935,4.492938,13.57981,1.1127519999999986,-0.0363344169368329,1.852014243236658,32.13966823072285,9.576229617207328,154.57716604136832,1.4721937596458232,1256.485813,15.456735247189767,7.760906127915661,58.497794839850485,1595331.7462631485,0.1338373430204693,-0.070307484375,-0.0552275,0.2351279535544484,-0.89525,0.576688,0.27252475,-0.3618133834757095,0.8960962054013546,2.187461139870942,1.523797410201816,1.8816200185836591,0.1936227751765028,9.574355295192053,1.9492237000077568,1.902769902163966,4.423757778810189,532.830728497936,4.578551383750534,-0.3031251328125,-0.186508,0.8753953933157449,-3.034459,1.110098,0.8104455,-1.6385033361010943,2.8584598858316355,6.098856033669481,2.8585455293783504,9.187740909283832,0.0450733628601254,51.56237103255653,4.308897085783442,3.103331877199209,10.176243393527525,7783.080187875477,3.2210827572128014,0.032907,0.045506,0.1517836512033143,-0.304892,0.584559,0.21683425,0.2085456023799944,0.5769729587212149,1.3559101714662134,0.9004985417171316,1.1757900030759885,0.0963608844604978,4.777831210162137,1.0612617139778822,1.363722042591579,0.7579683161397837,206.142369562814,4.644224392131381,window_0
Normal Walk,-1.38446529245283,-1.394758,1.097216075273793,-3.144915,2.16134,1.89097875,0.4536737936247025,-0.1343852013925488,10.066567998435229,4.403210103812627,20.79794442874485,0.2381922639349819,146.75332100000003,7.356315852415996,5.502125701590287,32.538660971754005,28296.1850375988,1.6286969163113625,-1.3869210849056606,-1.6909435,1.109472394629768,-4.699308,0.967353,1.448635,-0.3591669475586101,0.2357940829956146,11.620510360572524,7.170238251612497,20.0798754269664,1.0235436521581116,147.01363500000002,7.513389415839504,5.839933844848664,36.115954369025495,28526.595884741106,1.8441836334927255,9.781071726415092,9.5046575,1.742755182776039,4.414341,14.1955,1.3472637500000015,-0.3309463403347587,1.3705250917226968,33.01324288471804,9.53902957814799,139.69240864510488,2.120617033928106,1036.793603,11.429190412075094,6.995923677941986,47.30316807086192,1092003.6916583264,0.1829572300283755,-0.0190361981132075,-0.029114,0.176463838590256,-0.536325,0.429868,0.1974489999999999,0.1468173671454721,0.2665272097635389,1.4704302611670836,1.07302475196342,1.1016565188503196,0.1606491255995498,5.138744505620218,1.2981131848010177,1.3550701903002915,1.4711580480386042,178.918048639509,4.600261241356655,0.3103361981132075,0.1245865,0.4218864196115683,-0.320272,1.406404,0.60387,0.9201491025765368,-0.202670703355829,2.637684665495997,0.9708758573263584,5.68544227177507,0.138100799059404,32.895637,0.8693449735047947,4.024682475281676,16.227962402342293,2081.926613674819,2.013393269165292,-0.0222310943396226,-0.0081865,0.1619835331819389,-0.602531,0.264005,0.16967,-1.0805258338723016,1.6977748629780276,1.3264356282327998,1.062676645376902,1.0596899538939988,0.0350623345392524,4.059015881011839,1.283886238621592,1.0298921972710997,0.1168406499604581,152.765836534148,4.576359782215729,window_1
Limping,-2.01338584375,-1.922444,1.3292582836955975,-5.636927,0.97991,2.10923175,-0.3981526532596373,-0.1876520680478446,14.687895540393464,7.527521107248817,32.375422316047946,0.8983747331720772,257.713388,10.85929862751038,6.638511623701426,46.66708443389105,80889.74371506975,1.448152687689679,-1.5338074296875002,-1.1104325,1.4299048291788383,-6.031747,0.497946,1.693254,-1.0312322466292796,0.4063342700500802,14.462979514025816,8.092647338449073,25.5888810291959,0.4788040511245731,196.327351,10.118081337938824,5.763642239287321,37.20828033240279,55293.99095996624,2.1492857532841194,9.8711409609375,9.754353,1.646804941247698,5.67836,14.90085,1.117803750000002,0.2059563958882236,1.4008113181425452,34.08123887452623,10.064486684836735,155.33813216391377,2.531146241853779,1263.506043,15.169979626810296,7.742712644829199,58.30840200530447,1618653.8334333478,0.1693868740837116,0.0553462031249999,0.0444295,0.3730530238570391,-0.800123,0.968388,0.5402525,-0.1144334278892,-0.5644179573721897,2.863466701883985,1.546409167456238,3.223314294755656,0.1437016210818636,14.644455050919513,3.010637616365716,1.8254801087363808,2.7982510062175887,1189.708582116768,4.136761453580832,0.0262349609375,-0.0740609999999999,0.5670235675239059,-0.847069,1.510858,0.40362375,1.0518464277557384,0.6334553819190134,2.599438519257582,1.0686027871179364,5.879563509973562,0.011826332051381,34.2529925735017,0.9801904207636588,4.218719112651539,17.29670824098523,2644.886251725612,2.117997128967146,-0.062163859375,-0.0386964999999999,0.2231866778710612,-0.551903,0.520608,0.29464025,-0.0841494169322625,-0.0317223083190727,1.830956056426492,1.1175446419647337,2.0028994142434238,0.1625001305312574,8.209721144301364,1.6672864242741805,1.9308177876403048,2.936495670407026,471.296393225056,4.134618181187349,window_2
Limping,-1.6396337343749998,-1.7339065,1.0088095200600655,-4.266791,1.796515,1.5889302500000002,0.385127277405438,0.2734979047577721,12.541713079283046,7.542747505738045,25.71359194816258,1.0679653339423305,209.873118,10.55267581055609,7.052369010253111,51.206967525625,52382.936181738936,1.4283414714006453,-1.5955624375,-1.2911735,1.2991031939418023,-6.491639,0.6677,0.9937355,-1.553174148738848,2.8484402301718426,15.487326613030888,11.568160981384176,25.04860623597504,0.9986557961774428,204.231992,12.658482256970794,6.6748135339484325,47.40458628097822,55506.55743895184,2.088063173975124,9.4891923828125,9.363501500000002,1.883353939523364,4.065821,14.1829,2.0819635000000005,0.0263475018169975,0.4625878221833028,35.10745988147559,12.70249987451722,149.23830628655614,2.039753635618376,1214.616625,17.278851685797424,7.709873353154935,57.96913367077419,1504294.7713669983,0.2281799674888533,0.03375653125,0.0321725,0.3237738659392524,-0.863541,1.021681,0.38170725,0.0811719827264781,0.1063167601585655,2.764212170951776,1.9232020759676387,2.46044652857127,0.201957480643489,12.518591744558265,2.879536481401142,1.7281589332059804,3.17158024929508,876.4586269437659,4.54702536482912,0.5448625546875,0.2833985,0.7223180471371082,-0.453504,2.421626,0.74303025,1.1015800624413257,0.3286500111442847,5.38953787694634,2.132735439930496,10.664704805088352,0.3006210360884613,69.742407,2.708877445811056,4.319468348010237,20.53621051643761,9138.115014829684,2.3616846390085686,-0.0350971640625,-0.0121835,0.1999757337571227,-0.587609,0.630391,0.19951375,0.080906660877772,1.4888027612387216,1.8379171399046568,1.475993311346853,1.4339322518004245,0.0614147218794353,5.475628562564114,1.840920282261223,0.918135169874706,-0.0696255976123287,347.78247141816,4.906359951271512,window_3
Limping,-4.17919174,-4.890753999999999,1.1603033140864298,-5.018826,-0.613183,1.6787967499999996,1.3644680316498232,0.8853562557913812,13.51377152521204,2.946859942074353,40.38875897901182,0.8887381774631707,208.959587,2.9926286430540165,4.521366022766758,18.93976521148185,45346.84681750849,0.3130620999221228,-3.4744844800000005,-3.8616445,0.9474058643544748,-5.483139,-1.285725,0.4674942500000001,1.0482648149917004,0.3572446479932312,12.302347447880974,4.683368651373977,33.17707857519554,0.3795860763406501,173.724224,3.637075040831916,4.592986546756071,19.42012523440891,31301.657387827054,0.3500962507499583,8.341177380000003,7.765728,0.9244897275985688,7.592986,10.83371,1.5228505000000006,1.0700494505943263,-0.3651639704009901,20.423121520345617,1.9980745724704876,81.13663270251189,0.391610076245206,417.058869,2.5533994017686688,4.663063323466768,19.84555569356721,175006.42647342812,0.0652261235366355,0.0182416399999999,-0.0055325,0.2431654010402598,-0.458518,0.869797,0.0684802499999999,1.402015268555473,2.986113654271548,1.1661084271988231,0.5356729881667722,1.2745012867961674,0.2412008711947447,4.589059911605397,0.6281609545101619,1.6868856575504685,1.4382088762337668,74.60405985073,2.825038505923064,0.2566934999999999,-0.000251,0.499908683052025,-0.378361,1.395746,0.2763215,1.329429825572587,0.1069633881673497,2.9423461512998754,1.4933195388618323,3.229049790115893,0.2300298170413881,12.834675,1.8343827564059685,1.878013245024456,2.526358484717626,477.104085527917,2.7773152981401528,0.08908292,-0.00379,0.214917586451071,-0.179655,0.637852,0.04056875,1.451162142703591,0.6617648591752348,1.00523633679865,0.3731601604655079,1.4465660298853529,0.0724927448726262,4.725862471386236,0.6922975883279964,1.8017630166078449,1.618950808705928,77.57633429096599,2.395794721462519,window_4
Normal Walk,1.768555921875,1.768729,0.0045090744037187,1.758764,1.778276,0.0060602499999997,-0.1306207039382364,-0.4250069362951025,3.5654042045977388,0.023985692927576,19.688735587616865,0.0004643000287422,113.187579,0.0218808632738287,5.388148751165374,27.03218645277171,12811.469317800134,7.5747323080795e-05,-0.001111640625,-0.001266,0.0050620091717839,-0.015658,0.008293,0.0048115,-0.7187829573125032,0.5089164633767864,0.0344388365362899,0.0266686361946093,0.0247232415709732,0.0037159951503623,0.0971710229345263,0.0247065992799703,1.120280502202491,0.3448451980172979,0.0575127083439999,3.963381468395869,9.5907859375,9.5911705,0.0085085108730812,9.573715,9.606233,0.0130574999999986,-0.1011813635599303,-0.8279564084895648,19.234071895654644,0.040512277091584,106.78905132762448,0.0109369326548993,613.8103000000001,0.0640425903398885,5.3881577206340605,27.03224875657498,376763.2321645192,1.0360162562800924e-05,0.000106203125,0.000223,0.0002253274824898,-0.00031,0.000489,0.000267,-0.2741289948078059,-0.541469397012313,0.0016918985135788,0.0014131737379369,0.0013382051112402,0.0003014625862874,0.006797,0.0009593781087156,2.2828210698471625,5.64364650520363,0.0001489060319999,3.631455270901722,0.00013775,0.000125,0.000232865774106,-0.000408,0.000658,0.000533,-0.0898097132941643,-0.3977967556685962,0.0018539828551853,0.0015841459616837,0.0015516208695035,0.0002847265547388,0.008816,0.0012588181800272,2.897630191246551,10.14943246381983,0.0001870329519999,3.438208511851452,7.8109375e-05,0.000145,0.0002259687559422,-0.000388,0.000678,0.000267,0.1914124653887695,-0.3416616113542083,0.0016208709545051,0.0011003864257983,0.0011848570478507,4.585970128547944e-05,0.004999,0.0013175816271497,1.0969172464153232,0.5408656414605724,0.000128995484,3.952637541188757,window_0
Normal Walk,1.7701751250000002,1.770358,0.0051267563164368,1.759626,1.782176,0.00612725,0.1611227837369282,-0.2041282949300962,3.57210448361092,0.0253026561224866,19.706148802652116,0.0062729370490757,113.291208,0.0283718434780731,5.388144996885653,27.032160369511384,12834.951394371214,9.623117656103488e-05,-0.002120953125,-0.003669,0.0050754760719737,-0.010879,0.013099,0.00718425,0.7387251210178387,0.6762935710339693,0.0382660701629474,0.032642472772883,0.0274674835675637,0.002712125189486,0.135741,0.0265276939506995,1.7906419375742435,3.549140441758275,0.0710001529359999,3.868631054606048,9.590829765625,9.5916235,0.0067815374863995,9.577432,9.608809,0.0095229999999997,0.1060310184803445,-0.1959044363804647,19.2262454432729,0.0403922254479317,106.79095666283274,0.00525777622823,613.813105,0.0385804817187582,5.388158387391139,27.032253387671155,376766.6220418557,6.854535961854248e-06,0.0001228124999999,0.000223,0.0002643783909357,-0.000577,0.000489,0.000267,-0.3487217737485164,-0.5351453582603813,0.0019979050719479,0.0017243287605442,0.0015531669496498,0.0002409280523625,0.0078599999999999,0.0017753199574264,1.787413601169532,4.180699809447249,0.0002049264719999,3.763719262678747,-6.621875000000001e-05,-0.000141,0.0002131433986743,-0.000408,0.000392,0.000266,0.5497460659796495,-0.0208127578883452,0.0014986715485056,0.00120125949298,0.0011037927351635,0.0001769717418125,0.004536625026853,0.0009109176273882,1.2549153594340183,0.8869696003415446,0.000110859994,3.911330683172833,4.4796875e-05,0.000145,0.0002235160914011,-0.000388,0.000678,0.000267,0.3176043726202506,-0.0726267268758169,0.0015981951967546,0.0012559977109523,0.0009392831644772,0.0002634150861432,0.0034169744239004,0.0015259414657816,0.5768922787743472,-0.9456831126017776,0.000109967384,4.272041834681804,window_1
Normal Walk,1.76947015625,1.7691625,0.0055358671441867,1.756807,1.780006,0.0098072499999999,-0.0469124473456017,-0.7370014831739131,3.5727824071554184,0.026365071573292,19.69792730327852,0.0001505325438776,113.24609,0.0330138866615458,5.388141760319254,27.032137889396296,12824.739653571984,0.000111677036556,-0.001263546875,-0.0012975,0.0055143311752471,-0.0133,0.008311,0.005458,-0.2999752116232976,-0.3374005067685655,0.036058792094693,0.0253340393191613,0.0290834182210705,0.0066572772831701,0.1155538234007089,0.0381210991538575,1.2387666750786628,0.6060003428022753,0.068674614488,3.779520204923306,9.590101953125,9.5898835,0.0065072625303139,9.575909,9.603868,0.0092644999999986,0.0904694953816717,-0.6703124601195194,19.2239820357362,0.0414287115205858,106.78299642092928,0.0065029480722021,613.766525,0.0392505423586969,5.388158507933432,27.03225422490681,376709.4339181601,6.375615258532554e-06,0.0002894062499999,0.000223,0.0001883888696577,-4.4e-05,0.000756,0.0002659999999999,0.1302717355607471,-0.195848636244202,0.0018505567730679,0.0011226174636868,0.0030931518217107,0.0003637998316787,0.0185219999999999,0.001167918867213,4.870364840707558,23.38791000499104,0.0004157487539999,1.3964465393825385,0.0001210937499999,0.000125,0.0002424617056587,-0.000408,0.000658,0.000533,0.1559311359206116,-0.4150046008766708,0.0017370415601381,0.00127427053026,0.001616153127291,0.0001119080219761,0.0077499999999999,0.0012302264243882,2.103933838792978,4.382065783151267,0.0001801364579999,3.375761075159436,4.8953125000000006e-05,0.000145,0.0001723693735201,-0.000122,0.000411,0.000267,0.5050785401358876,-0.6932076667000375,0.0012618642735039,0.0011290531186241,0.0007784476091905,0.0002368510757814,0.003133,0.000632057424582,1.053760495881824,0.2665427004450982,7.0345028e-05,4.162670227164156,window_2
Normal Walk,1.770754523809524,1.770902,0.0042111473339792,1.762445,1.778484,0.0060719999999998,-0.0715866671054203,-0.7233190772265963,3.7336815049040735,0.0160016113655516,11.150727022304553,0.0070734211665925,37.185845,0.0109185628425544,2.666661415937554,5.11109476625411,1382.7909070601563,6.0809782581402215e-05,-0.001761619047619,-0.001311,0.0041644009284614,-0.008521,0.008329,0.004843,0.3579111916870606,-0.2289937391004159,0.0197844401021503,0.019983269538874,0.0110569436890417,0.0015429195180453,0.0374663346584911,0.010703236298911,0.1381158793254234,-0.7812876172049066,0.0051368007389821,2.7125112178564703,9.588770428571433,9.589354,0.0095886117351159,9.567867,9.603822,0.0095469999999995,-0.5648558870158111,-0.2517369400575671,20.16822465937934,0.0272979507415444,60.39865869338741,0.0064780087218273,201.364179,0.0424674571585519,2.666665467063028,5.111107378225551,40547.552578715,1.1917537782521546e-05,9.590476190476192e-05,0.000223,0.0001950262265054,-0.00031,0.000489,0.000267,-0.44677166640305,-0.2442472376013826,0.0008865611031675,0.0007041755625728,0.0006326405372938,7.75551880159155e-05,0.002014,0.0011262934544864,0.4137955693800991,-1.2347495829585924,1.186224639077142e-05,2.4280596641762875,0.000315619047619,0.000392,0.0001675181514515,0.000125,0.000658,0.000267,0.3014855883840903,-0.6767856768148293,0.0013171847572983,0.0006625149624037,0.0018001765561463,0.0003889804705057,0.0066279999999999,0.0004978723720721,2.510744615909656,4.601211202154546,4.97561131815784e-05,0.8251123873678504,3.057142857142858e-05,0.000145,0.0002407623945142,-0.000388,0.000411,0.000267,-0.2137804648695216,-0.7364989277616352,0.0009241081448381,0.0007188799804795,0.000572172629603,0.0003423329640514,0.0021276315817941,0.0003175141742637,1.1731494434325311,-0.0533111422412861,1.1813573814231763e-05,2.452329868780505,window_3
Limping,1.76963771875,1.769603,0.00544190869396,1.757897,1.788032,0.0066067499999997,0.551034657663419,1.1720934513856465,3.5748721500326583,0.0335083937840132,19.69947316533952,0.0068886857852359,113.256814,0.0232389114318143,5.38814604643523,27.032167661102985,12827.166524192344,0.0001090928074956,-0.003611765625,-0.003687,0.0051467567996208,-0.013237,0.005926,0.00951075,0.0485638344709185,-0.9066475813351532,0.0384298931064788,0.0250461987446949,0.0433036728632757,0.0044982372075058,0.231153,0.0315109282605925,2.943708506690896,9.85225690327994,0.107266072564,2.83769023349426,9.592349484375,9.592576,0.009235858086475,9.566816,9.611446,0.012246000000001,-0.7657161493420075,0.7222115130276263,19.24212694697668,0.0531123900007346,106.80557844136224,0.0080176183670034,613.910367,0.0339949410456531,5.388157514220176,27.03224732308759,376886.1131404015,1.2154378153182742e-05,0.00018525,0.000223,0.0002618206685882,-4.4e-05,0.001289,0.000267,1.7662584724574797,4.383262046693681,0.0021161132170747,0.001536315696119,0.0020609491235888,0.0001366259471918,0.0118559999999999,0.0011512437045337,3.3289535831274226,12.854008201782296,0.0002792142859999,3.051620344599822,0.0001751718749999,0.000125,0.0003424660363948,-0.000408,0.001457,0.000533,1.544138082131887,4.204929927512703,0.0023420260431855,0.001256317466747,0.0024161449952435,0.0004568559232121,0.0112109999999999,0.001930539341747,2.0719780367247007,4.126975535727069,0.0003623309639999,3.201901878596854,-2.178125e-05,-0.000122,0.0002470059126791,-0.000654,0.000411,0.000267,-0.3367363696686121,-0.0831759401187652,0.0016528387010848,0.0011873760204816,0.001102659389021,0.000252497176972,0.0047296279523043,0.0010952548917435,1.234913648295308,0.6813401518305864,0.000126327472,4.037843476386307,window_4
Limping,1.770784,1.7703600000000002,0.0050868055238528,1.760713,1.787816,0.0054164999999999,0.6302891537791082,1.0869624092476826,3.5732367581234543,0.0254677755537927,19.71294372571075,0.0048052570683352,113.330176,0.0198523141194904,5.388145504107798,27.032163888547032,12843.78148040459,9.451985454593108e-05,-0.0015281718749999,-0.001293,0.0059502471759443,-0.013218,0.015402,0.00721625,0.2938982742211362,-0.2219070890239631,0.0419138109484904,0.0359069483663195,0.0283708579932684,0.0097494099980884,0.1303573297264125,0.0343324201292749,1.27633499183166,1.2386861659298054,0.081973540208,4.01935699936756,9.58926934375,9.589766,0.0080412656385257,9.573062,9.608845,0.0099345000000017,0.1329960575705566,-0.2342137017764649,19.23262322808854,0.0438434025629282,106.77187557789377,0.0126627029005469,613.713238,0.0465842807253725,5.388158219050393,27.032252218563357,376644.0707409548,9.49475802006085e-06,0.0001894375,0.000223,0.0002470522385928,-0.000577,0.000756,0.0003335,-0.4573282794612253,0.368501873492816,0.0021020187156197,0.0016245644250816,0.0020103048292943,0.0002684622678026,0.012124,0.0015489424408283,3.828337168663257,16.39831995824232,0.000270713862,2.985810281275445,0.000154421875,0.000125,0.0002628076057622,-0.000408,0.000658,0.000533,-0.1222415809671924,-0.5912802995342545,0.00206925611158,0.0013681259834017,0.0017835073295864,0.0006327642252847,0.009883,0.0016203159548231,2.7720843940194664,9.083505871611669,0.0002388070159999,3.3947540406960046,4.06875e-05,0.000145,0.0002139758218672,-0.000388,0.000678,0.000267,0.0945972975287068,0.3312822740435472,0.0014304047504697,0.0012998416540304,0.0010464394391619,7.709946049594548e-05,0.0048529471503416,0.0012471192722066,1.334311504734333,2.046204130333156,0.000100514984,3.925960861548404,window_5
Limping,1.771343859375,1.770576,0.0054586288309977,1.760931,1.785427,0.0070972499999999,0.6645975076421091,0.0690735874129129,3.575683469273081,0.0243852814809037,19.718944070823703,0.0048918094767323,113.366007,0.0229425139089987,5.388141705596181,27.03213750263791,12851.912561302595,0.0001079410290152,-0.000730046875,-0.001284,0.0041146325718012,-0.010842,0.008256,0.0071415,-0.1803363434879754,-0.3151216402350192,0.0275518744535585,0.019878192827362,0.0197024358702255,0.0006721807411788,0.0820912892391879,0.031726342997482,0.9917747433357011,0.1413861741004223,0.036713336484,3.995052332061666,9.592520890625,9.592245,0.0062638998188956,9.571132,9.606914,0.005526249999999,-0.244619181324654,1.506241589073788,19.229488788214788,0.0415700744277891,106.80981112663284,0.0060317533312814,613.921337,0.0277928122360462,5.38815871927318,27.03225569266004,376899.487742818,5.938419846387819e-06,0.000210265625,0.000223,0.0002556020614517,-0.00031,0.001022,0.000267,0.6238685062060221,0.6336430649718148,0.0018791987218036,0.0010899232877712,0.0025097909353114,0.0001834861288223,0.013457,0.0013197093484816,3.22159257522876,11.537065550392946,0.0003145740279999,2.425149777133808,0.00010025,0.000125,0.0002435246394104,-0.000408,0.000658,0.00033275,-0.0591956818235669,-0.2628385454858848,0.0016753087315922,0.0011774483400424,0.0015069058004237,0.0002451559494182,0.0065490090103001,0.0013399613308884,1.9891325664663275,3.757958016627396,0.0001624775819999,3.4599147696856547,8.646875e-05,0.000145,0.0001969398677856,-0.000388,0.000411,0.000267,-0.0953417774917203,-0.3987870294854487,0.0013927818431799,0.0009624878156446,0.0012245222741168,0.0002821900050459,0.005534,0.0012888084028782,1.849770151966952,3.102828003170588,0.000110057474,3.5242984977060936,window_6
Limping,1.7704938,1.770253,0.0041903228865247,1.761141,1.776314,0.0060709999999999,-0.5183697789042366,-0.4891226857798001,3.807010739837136,0.0165151380829208,9.287812500082111,0.0050036044770221,26.557407,0.0110492010663567,2.0412394959635125,2.166662406794214,705.2975426694179,5.290457396482511e-05,-0.0021116666666666,0.001065,0.0049960686233166,-0.008512,0.005908,0.0084155,-0.0771770033475655,-1.5349834802010591,0.0210680852265359,0.0214066723132502,0.0095420581861333,0.0066229949013054,0.0341106336334883,0.0130343533953225,-0.1927412225938334,-1.210394618605997,0.0037444056267809,2.3716481659329234,9.5866658,9.585419,0.0065598777447958,9.573751,9.596895,0.0104939999999995,-0.1216866924803338,-0.9029463583007318,20.56552714319009,0.0223359692267844,50.310258370042526,0.0162712538453634,143.799987,0.0172016903626317,2.0412413147628787,2.166666367136502,20678.44102756405,5.925499233958404e-06,6.286666666666667e-05,-4.4e-05,0.0001629870615178,-0.00031,0.000223,0.000267,-0.487160986610169,-0.6528766859320729,0.0006612494000415,0.0006980150749962,0.0003229210724101,0.0001009849250037,0.0011467774876917,0.0004020163121575,-0.2302125906349395,-0.8322995446868409,3.79070151643269e-06,2.3347028894798063,-0.0001056666666666,-0.000141,0.0002550972799192,-0.000408,0.000392,0.0002665,0.6434161572310934,-0.4531776781559724,0.0009580777651574,0.0006658310859166,0.0006951271435748,0.0002665014071257,0.0022274578916058,0.0010637756190445,0.6474843568994545,-1.005807981449847,9.807803248765936e-06,1.8382410412466268,0.0002691333333333,0.000145,0.0001327041153175,0.000145,0.000411,0.000266,0.1336306209562112,-1.982142857142857,0.0009895823326782,0.0004534003920135,0.0012675253635511,0.0001643970410074,0.004037,0.000439742406856,1.891961965269073,1.825274741381816,1.8101256182762224e-05,0.6586787502536029,window_7
Normal Walk,0.6446377734375,0.735175,1.2190828265585774,-2.502093,3.258194,1.3464015,-0.6969338133226115,0.5059085725417338,10.531638554876034,5.3189630674076405,13.62513634027707,0.118789852702892,82.513635,9.592677722662769,2.9999576184666736,10.98392854043378,18979.82406026817,3.5779044600901253,-0.1422573203125,0.1530475,1.1323915818113388,-3.153121,1.582888,1.325634,-1.067768832948767,0.6157043698276703,9.435045623909598,5.638278500831358,8.960640747915836,0.2481013183739644,51.60629802571052,10.362392535437657,2.149181068435216,6.2157003640834105,10836.04278646178,4.36820280059133,9.7780773125,9.6616195,1.491182659090914,5.15232,13.31547,1.52649875,-0.1409568560840707,0.7836742582325447,31.84388926509865,8.23091263377352,154.10046028456986,0.5332007379265653,1251.593896,16.939795587668993,7.745048725047323,58.33270638250392,1584703.0491804262,0.143293882638867,0.015304921875,0.0206885,0.2343164227614288,-0.575122,0.804887,0.264198,0.4289406121600282,1.0806296636747392,2.0941401762304053,1.4884182538753727,1.6431708480865392,0.0739020869498214,7.345264393807749,2.185463960613593,1.0049062668863469,0.3539091204955085,453.46774487704,4.881263209375887,-0.4679688671875,-0.2840745,0.7339118523572987,-2.339433,0.440304,0.91449925,-1.1641772322147002,0.389710050978632,4.508785373003385,1.448294572988779,10.231207419573083,0.2222066845137739,59.900015,1.70590887984789,3.847563958340033,14.773701966218828,8000.432051336744,2.29470965274583,0.1466818046875,0.0736605,0.3052133375050213,-0.360806,0.728759,0.569497,0.3139799954438577,-1.2631676983409252,2.454076174011632,1.323715946088271,3.3777541449025885,0.1606920907879405,18.775271,1.7117259170993275,3.0455791095282025,9.76864181968027,1115.629627600524,3.4042414855477885,window_0
Normal Walk,1.5469565390625002,1.584774,0.781975848579866,-1.578811,4.222144,0.9303765,-0.1250184629576684,2.599198663264249,8.971762612808766,3.35867441339058,24.70629419350536,0.3494949807433274,198.010437,6.388734078754265,7.018538871072487,50.59605604418973,44217.18381802433,0.9644399052739124,0.6367344375,0.7155914999999999,0.5621175607434654,-0.859382,2.036074,0.6948509999999999,-0.2735885823731485,0.118547992351961,5.5458480767144165,2.7092905803720355,10.63434752425857,0.2684372424823497,81.502008,3.7343487451352657,5.817819760700759,37.89540045129533,9206.129802028889,1.982467443666983,9.3879718671875,9.425863,1.2588955872736565,4.44689,12.86554,1.0845772500000024,-0.0656499200800271,2.316148779654984,29.979255261042603,8.563229039347949,147.87277331309568,0.771232305680808,1201.660399,10.47926978613409,7.769911790623375,58.58973946831117,1456967.2213320285,0.1164431107621336,-0.0313280468749999,-0.0203465,0.1709682141124785,-0.534353,0.526701,0.20144575,-0.2585616838310082,0.8626503925437614,1.6440799249464568,1.2837623343508924,1.1352113040645049,0.079344684863452,4.386498289509197,1.7236286849387863,0.70633797670665,-0.6392209660110608,255.469024287218,5.085361513284684,0.1093928671875,0.0744505,0.3965800479471202,-0.640468,1.173875,0.5167375,0.7059469535725799,0.2560475985449528,2.71357331929623,1.2736531274129643,3.978839081432707,0.0868652995887832,17.43370106007564,1.3608315899646055,2.551613966986973,5.503992321466322,1484.456998088488,3.418934558357633,-0.0352621484375,-0.0258629999999999,0.1697344369152096,-0.516687,0.558756,0.20430975,-0.0279089652095227,1.0987213574840693,1.4426314580129245,0.8467763501130764,1.3857481826587632,0.1253954882508608,6.671697409568309,1.3224296548259062,1.808932714637979,3.3730423681931105,256.094947160996,4.4067129482516405,window_1
Normal Walk,1.47622775,1.6020125,0.7567426926703273,-0.503003,3.867768,1.03923,-0.2201924272172779,0.0913011211762158,8.539327920767057,3.2095648277672426,23.62617054374217,0.40636510328304,188.957152,5.312129270594939,6.980197427486815,50.17629884905527,40391.42757762444,0.9732998591083076,0.7323800781250001,0.7880745,0.6933822865286486,-1.491547,1.88321,0.98971925,-0.7275903460512697,0.4271957760861578,6.975552925936454,3.959483176035368,12.252570672887666,0.4073990181873724,93.74465,5.194495784985037,5.690970688878536,36.60582344587658,12722.164909865443,2.195580629529029,10.3099857734375,10.1293,1.38397999302047,5.951701,13.68576,1.4763059999999992,0.1038587902946487,0.7292635282728215,31.878588308446723,7.218122979771527,162.60511164533924,1.3978254230990288,1319.678179,12.06065401791428,7.758893817344743,58.47239693748955,1757226.670446891,0.1118873660050091,0.0331163046875,0.001503,0.2002729005736437,-0.422439,0.789433,0.15861125,1.4698866632224117,3.5821306470852443,1.8126658165884688,1.2187209017564422,1.4584338066516456,0.239340481826111,5.950174442903548,2.1324012029419017,0.9931760654473336,0.1499284746675648,346.41833798481605,4.848722583866779,0.3377658125,0.1533235,0.712993229681596,-0.713479,2.088641,0.798988,1.013603483793537,0.1334935658096974,3.7530509715039537,1.256844825989062,8.954916665728142,0.2259130138451291,44.652474607192914,2.025427932994786,3.8829517838650793,13.906619097780158,6033.659141429912,2.1801960257781845,-0.150983890625,-0.1215235,0.2650986874084947,-0.846834,0.515589,0.244546,-0.5427567394316427,0.8141176630750468,1.885703833637731,0.8451812538815731,3.3577070098857966,0.1507544365532741,19.325938,1.0559462080154578,3.616446658350601,13.256569918776911,949.124819995664,2.7296674051383323,window_2
Normal Walk,-0.1188966111111111,-0.9772295,1.692627738777484,-1.895161,3.220385,3.154232,0.4156866950118641,-1.4359441255616732,6.690121722892802,3.577825538183306,10.555230756791351,0.4619296244251868,54.8494992279236,5.364760335676738,3.5735383960168954,13.21424416811676,4216.606874898379,1.733395762951374,-2.566248685185186,-2.8483565,3.149593091920228,-6.029137,1.917173,6.375105250000001,0.0731930755418352,-1.8557473009101413,14.802044448836888,3.4641016331721133,32.05844471479464,0.7872469964331598,138.577429,7.5813983405803,3.1509419399834657,8.462454035527792,33664.79872971595,1.3699496176039625,9.458819037037037,9.235425,1.5931276708196545,6.312554,13.2158,2.4416305000000005,0.7498782153114735,-0.1621959012697376,26.772284971695004,4.907916943160517,95.30341356949856,1.8713010276598527,510.776228,7.032965526120083,4.841241420558391,21.640015263908417,264586.38877632224,0.1441640870876771,-0.0871302592592592,-0.0171489999999999,0.3079196621042203,-0.738996,0.665794,0.4080205,0.0962344981305293,-0.1227589172227916,1.6449241507278936,0.8310236935991576,1.7975005123047243,0.2288380953297555,8.301401391596135,1.272638378522354,2.311169593802085,5.079995316529995,160.29315594135798,2.7813145183737724,-0.1811409444444444,-0.087958,0.1994381796379813,-0.631941,0.060595,0.2826499999999999,-0.8077286198601268,-0.4612234597796796,1.137603963011613,0.4325692510236413,2.096980348023605,0.0743405608424382,9.781611000000002,0.5278268697963648,3.055456347405711,8.82206427630053,153.66967262973708,1.6555459147972849,0.0850444629629629,0.0029145,0.1969575886460043,-0.260084,0.500134,0.3050327500000001,0.4575386442700451,-0.7363895858991616,1.0325115198795165,0.5075747835374015,1.3449358163802831,0.0582404877469563,5.65470288146139,0.8727840267929521,2.2565066844227664,4.289129979036947,77.62317449939299,2.492072104679816,window_3
Limping,1.3316990390625,1.7214585,1.23364409865541,-1.903372,3.767254,1.542058,-0.7949277432132036,0.1942446619233884,12.24301808947611,6.495053355397765,22.334279525513384,0.533387743173246,170.457477,8.589665431242224,5.681259794616984,36.59958918672757,41517.53816723237,2.130750637028234,-0.8238971328125,-0.301324,1.6597414771652002,-5.406115,1.544697,1.6739747500000002,-1.3493878986602923,1.1049576674313857,12.367418943480113,5.502286384850218,19.322825372321635,0.7212137117583108,105.45883299999998,7.967762655744727,3.105553487148634,9.867112259059294,33684.7764283384,3.149321681030608,10.109254015625,10.047085,2.0988463770115557,4.678504,14.34517,3.237478499999998,-0.1653659872876562,-0.4691054323686749,36.10441508454749,9.729899406668345,159.44477391660544,0.5696288500657776,1293.984514,19.57574674049572,7.668280279929718,57.52632398657672,1710474.541946543,0.23449813516745,0.0458044843749999,0.0282825,0.3745188491740933,-0.825597,1.123577,0.438797,0.2828787153256087,0.0412254707237975,3.219156478744329,1.9700770055136092,2.850904921372237,0.2126640851396596,14.215635405992906,3.557396192057689,1.4510696849028375,2.11078376913772,1183.400147542146,4.621533326606327,0.17699940625,0.037146,0.6626595071525756,-0.814201,2.14593,0.51553775,1.2951458687750137,1.477452249995074,4.500542520774106,2.164015558675361,6.631153852528628,0.0943553865535359,30.278994978006622,2.726444927269638,2.5314360771067554,5.761247647377306,4110.533401420864,3.4384058059221565,-0.0453606484375,-0.061436,0.213353779671069,-0.448739,0.724229,0.2651305,0.658484041796243,0.3719078220447636,1.8831075802204444,1.1315251437582323,1.6751017252970757,0.1591831495581868,7.407186671481129,2.225626496703258,1.291791369202543,1.1081705342265638,406.53183672172406,4.647867767243501,window_4
Limping,1.150133640625,1.0905705,1.0138249412400246,-1.057714,3.407944,1.607701,0.0766515820994908,-0.7242845258020916,10.293476648432703,4.939244296866466,19.085051304137977,0.7413447078240915,147.217106,6.615201158193461,5.857175444831319,38.54382962619229,30092.47006677813,2.0409965865322235,-0.2817477890625,0.0345715,0.9859520804587316,-3.419294,1.339798,1.5150539999999997,-0.8479101946524388,-0.0249564561825117,8.09223843665863,4.400905762175825,8.903105712193081,0.315078633032031,37.16471248908778,6.044712875929263,1.885326468468856,2.663712978455341,9263.975311246104,4.131755446193237,9.7959865859375,9.653101,1.5613318801060097,4.62047,14.55643,1.7641402499999987,0.4472084901810471,1.665511827452289,33.05481466965205,7.596884447874126,154.22538821276743,1.7068844736345972,1253.886283,18.69312297395776,7.746679170281202,58.35133907501204,1592197.8331023275,0.1574464459321248,0.0140225781249999,-0.0343365,0.3443981687113453,-0.70409,0.829136,0.352863,0.4538959144118151,-0.145211612390081,2.5967981899554555,1.366584795535064,2.913599585700062,0.2410446341861723,14.100320926750095,2.338965463952235,1.93964422468928,3.169577185065246,974.87509664944,4.087413592217376,-0.414742984375,-0.1239305,0.9852155924492886,-2.678107,1.038512,1.73673575,-0.7417542462981536,-0.7069675154375994,5.76694638276205,1.6593382978726914,11.619637856166111,0.2165199295035527,62.10987364448224,3.0688652473434006,3.4445683099984192,11.700574816499913,10769.513887366458,2.632062413265318,0.1051281953125,0.045016,0.3670658001168492,-0.515888,1.217984,0.41767975,0.998498679911276,1.1077080734217155,2.941155789634812,1.7369833081638224,3.3797809493975715,0.0297956117929637,17.455419387742566,2.70291871809834,2.227862727474896,5.18944781783426,1284.69226526804,3.991759430459609,window_5
Limping,1.77000984375,1.767604,0.9911552407901224,-1.176876,3.813518,1.406424,-0.4734578811851144,0.1748439915869037,11.89603736319155,5.896412782085712,28.03910664666001,0.7470022081637816,226.56126,9.906648850699096,7.013556010337194,50.70132306389852,59373.26121531025,1.194812157095046,-0.5155737499999999,-0.551103,1.1533761289247957,-3.305101,1.631093,1.8953625,-0.1684777367042221,-0.9072190522239096,9.460167944530074,5.250158627401019,12.199180692651078,0.3893773075943735,65.99343999999999,7.731705772691002,2.7280279928449933,8.016178315643556,15252.146375082571,3.6361718101164415,9.852060484375,9.793997,1.8247361213416675,5.192382,14.65121,2.323770249999999,0.0299207689877437,0.0467862579697886,36.1155404363915,12.578748530203033,154.82131122248808,1.1028096167049355,1261.063742,14.828627580714071,7.735088050998234,58.23124307577362,1617534.1228584407,0.20631789681103,-0.0040031640625,0.043071,0.3578173594372155,-0.981744,0.939984,0.3791765,-0.4078248670083895,0.6805735979446261,3.0725821017863155,2.129819196877762,2.6354323446277057,0.3305344447526061,12.730828967791508,2.695581381746144,1.5831065933913466,2.391672204508507,1048.72092258096,4.632386328453409,0.3476061484375,0.1595855,0.6383028239609694,-0.589574,1.886929,0.890318,0.8525687871392807,-0.4691789167565536,3.515131080385962,0.987961282118296,8.409734541572513,0.1487995954762249,44.757389265351335,1.4244931335720064,4.089114971968334,16.201367346121476,5317.106020608848,2.121011099205153,-0.0971897109375,-0.079022,0.2488712925241539,-0.621407,0.777521,0.3444025,0.2421216334428569,0.454306743144373,2.0864646650183,1.1711146909181287,2.4476956478548506,0.1295266297532433,12.440283,2.1868078829217765,2.5770604652929525,7.102956039714739,662.0511221054401,3.854701813766492,window_6
Limping,0.7838092755102041,1.0108035,1.292449735214344,-2.216867,3.567024,1.69505075,-0.5617370599323047,-0.0463729449033052,9.901754732803232,5.005477181956217,13.640783889258175,1.0964939333321042,76.813309,6.901083737086594,3.3946595510262414,12.071553870182822,13921.670863199795,2.894359953071737,-1.1168121020408164,-0.6148685,1.440441350197397,-4.434294,0.87548,1.9180325,-0.94871171656684,-0.0535759556756598,9.67453242233247,4.029046771987222,18.81018426417945,0.26838901702539,109.447586,4.901887998733899,3.845554606553089,15.565093539026094,21923.56087251417,2.1547591098679737,9.24378225510204,9.2232455,1.1676293812962797,6.127869,12.49799,0.9726900000000018,0.4722739398974527,0.9127088326067584,28.23438843396082,7.977241210068262,126.8205366244002,1.6630532788387304,905.890661,8.715312737333992,6.760247611021587,43.81118851609674,827150.8307970901,0.1042460555450972,-0.0878271530612244,-0.1365245,0.3104054074692811,-0.694763,0.799292,0.4769012499999999,0.6097839254076373,0.1851520041766807,2.366930285143506,1.5474326040565527,2.313329489073979,0.2263182229007515,12.125651314524196,1.8872377734580752,2.1443829285065408,5.305211380176912,536.7387626876911,3.917458922119687,-0.1806270918367347,-0.2267845,0.4811939588791589,-1.386829,0.9671,0.6499685,-0.0417560612566919,0.1265375478056767,3.150309803570983,1.3590614833291728,4.375820494711373,0.4326923337139484,19.12354459878093,1.6347292193298877,2.463402053096014,5.161202944847137,1424.5405861601648,3.1566730432878454,0.0304556326530612,0.0062455,0.2358118489783313,-0.745312,0.596327,0.26739525,-0.3251840940746914,1.5075020769162597,1.7033981678483674,1.0874716197955046,1.6521917780363224,0.0481668276116338,9.183694165465994,1.7163904577308144,2.1947868328434144,6.493467657011729,275.93384649236,3.940418991775489,window_7
Normal Walk,-1.5677116875,-1.7674415,0.9196520712505368,-3.591533,0.961123,1.39293,0.3214360289723256,-0.0411097547518068,8.02348000316676,3.3263643021608704,17.445071114235585,0.1515841270489698,100.333548,5.372935216810403,4.649096602645109,21.55632038828708,11798.615601342515,1.0399237853673748,-0.4744966562499999,-0.0608105,1.3263286808376844,-3.823845,2.191627,2.2793295,-0.5797157333069991,-0.4491120961304964,9.46553161218796,7.655509858707989,7.169708668554182,1.24425966637228,30.367786,5.840871981673699,1.4841371257233964,1.6621260249366523,4512.032354984658,3.828745373702152,10.168353078125,9.766407,1.1510994263994327,6.058322,13.407,1.1725244999999995,0.0537287647750874,2.1113053419940204,27.8923533671528,6.994061375014511,111.98790297724416,0.254897785607156,650.7745970000001,6.321505601272364,5.370600901146937,26.909472396130028,426216.7612671607,0.0810543285472243,0.0458785,0.0379015,0.215649167856324,-0.559508,0.576688,0.2011125,-0.6535564570737762,1.5658300061495138,1.4738684188887683,1.3907911930227248,1.034981150761336,0.1863894952819571,4.065070735965222,1.500134593998232,0.75547391962728,-0.3070941735345318,103.791171156126,4.061406203657502,-0.12109171875,-0.2246125,0.542571883587974,-0.874248,1.110098,0.8193714999999999,0.5242968460934546,-0.6333143645402641,2.362350404918105,1.0123680803315465,3.890541225971494,0.071180564724363,19.09880856418709,1.5919826501473886,3.10269334084566,9.404050971671651,662.9443349312161,2.055000872247921,0.0024927812499999,0.0087335,0.1410529099143151,-0.304892,0.28772,0.2090395,-0.1949129782684664,-0.8103269816928682,0.822638677674953,0.4688898348927373,0.7721563535299729,0.1594967611295533,4.186130250863622,0.7381172011918111,2.67366340953081,8.617799869205866,40.73471450571199,3.255796038044949,window_0
Normal Walk,-1.353873546875,-1.007599,1.1851551787933845,-3.689244,1.073814,1.88272475,-0.3869721924649528,-0.8934399340427328,9.94419640592932,6.317460413689775,15.017811237108566,0.5795959960623469,86.647907,6.477318958807161,4.163639783021003,18.34681761892133,10381.4942884199,1.8837565696361496,-0.824163953125,-0.5263665,0.859554516617773,-3.490039,0.158633,1.04537125,-1.2509023157091017,0.7167613371831032,7.097981755910024,4.01398376777199,9.144069529560111,0.9538530289449884,52.746493,4.401688030620589,3.9175857645619576,16.531082665753093,4287.85128219716,2.2803403853064066,9.46423775,9.337969,1.572839118011816,4.492938,13.57981,0.997053750000001,0.2370189574882991,1.752138546886871,28.558878723704836,8.089609522056506,103.9600032002916,0.8176042546126633,605.7112159999999,9.711276403465291,5.338976188802267,26.687531169292992,371945.3382195175,0.1551706201017836,-0.18649346875,-0.1832625,0.1925289057723677,-0.89525,0.249739,0.1970495,-0.8605833524439402,2.094985133600934,1.6355099588156574,1.1290034081425606,2.0325441690277284,0.03773123661824,11.935582,0.7565412971984353,4.08455888226706,17.733005674983744,217.796115981882,2.3150594404114075,-0.485158546875,-0.0503455,1.0825791484903788,-3.034459,0.544132,0.8515477499999999,-1.4209205315582705,0.646200503094017,6.064610246950888,2.859600976560919,8.267573895746255,0.2371437817586981,33.432759283191054,3.516702558327772,2.2778853869853366,4.062335486777883,3364.2328182094925,2.6369353157996747,0.06332121875,0.080146,0.1559826296277157,-0.246537,0.584559,0.17106925,0.4218196970417389,1.0910176615915583,1.0750183015109582,0.7942772767568653,0.9540514761471508,0.0759091099806683,4.052557999999999,0.6255305822429453,1.8641105861232763,2.9497590455182143,66.10811416710601,3.503042724809959,window_1
Normal Walk,-0.8387519218749999,-0.9933175,0.818528450353787,-2.453313,2.16134,1.12424675,0.9839930482342096,1.720787172793103,6.425654101024765,3.156536343555137,9.559881200230365,0.2970941350776447,53.680123,5.73221727528405,3.825846049249589,15.839020403677877,4245.771494033099,2.030350189631404,-1.2325428125,-0.8355075,1.3281861016147158,-4.699308,0.967353,1.69357575,-0.7168444040644891,-0.204998214975395,10.473081876726134,6.465590717857419,14.040499773172847,1.7640378044171308,78.88274,7.960048392417098,3.7954244513552,15.087350541716884,9818.27449206644,2.2121532683123992,9.9246103125,10.0616935,2.179234847810407,4.414341,14.1955,2.7398392499999997,-0.4875343433635244,0.0377102369176323,33.1691249287178,10.11871376677898,108.68060506692186,3.0454025981053627,635.17506,12.311784069794731,5.301814859664369,26.422481672617163,413173.272519972,0.2473986492595679,0.0245656718749999,0.016851,0.1908585524596729,-0.365523,0.429868,0.263664,0.0748784584628575,-0.6557908252739475,1.2969750893917784,1.040627284713227,0.8448256099886462,0.0760840254567119,3.342644450155744,0.920217441094235,0.9052339122284268,-0.1423046479530492,76.66799020145599,4.119845310522604,0.355209984375,0.1368435,0.4954454526312183,-0.320272,1.406404,0.8161745,0.6360502875199961,-0.9599674590903896,2.721133731669608,1.05994482197252,4.944348641985182,0.090843508574393,22.733439,1.338886344650717,3.1001467591474285,8.642960267264499,1019.236872932188,1.869946130103589,-0.039574984375,-0.007787,0.1974109877886021,-0.602531,0.264005,0.290045,-0.7542738730598272,0.1209486788569642,1.3278115360632037,0.9567926333570184,0.962317693589337,0.2810116977560815,3.493973071555976,1.427438593657144,0.8973549375996648,-0.3598247929973244,86.052442198324,3.9879219150188985,window_2
Normal Walk,-2.2160285238095234,-2.6701995,0.9338863639736708,-3.144915,1.168468,0.6248087499999997,1.868476285166271,2.8686953880531734,9.070762838168204,4.061800300164568,19.15256359351141,1.425780117677122,93.073198,2.4155869013069013,3.9987463137335952,14.631399133009833,9431.088044065633,0.6494185601979041,-1.6221641666666669,-1.840397,0.571712555120762,-2.48539,0.006433,0.2171400000000001,1.6832224396010087,1.6738941323523129,6.306139064288268,3.085395838183085,13.950874757007997,0.161820227755893,68.13089500000001,1.6479890118399836,4.125718356173099,15.372515923531507,4922.280224061173,0.5138405254646489,9.562346261904764,9.404381,0.5910982396465019,8.1523,11.94098,0.3281577500000008,1.871824651876332,6.067267023868011,22.007981469382347,2.916385733329148,84.91828558958802,0.3360701182415515,401.618543,4.214495684441001,4.242773392661465,16.019042792139967,161604.79599246162,0.0261373588497186,-0.0854771428571428,-0.048033,0.1255826174564684,-0.536325,0.106116,0.1093832499999999,-1.366980003695743,2.3084049737318235,0.8715133851119334,0.6607839821973636,0.7151441506474168,0.210651243283801,3.59004,0.5602129973304679,2.629868381084716,7.253482648333394,26.690301469324,2.8893285508086883,0.2419570952380952,0.0654319999999999,0.2596542542392909,0.00721,0.968873,0.25893525,1.1520836755575414,0.1396941818840762,1.62105156657688,0.7749552828168758,2.262763606438853,0.3508871316706352,10.162198,0.7743692482063104,2.826743872853618,7.299219462376856,162.706053722636,1.7914098005588217,0.0041976904761904,-0.0081865,0.0753657988266902,-0.270785,0.190728,0.0425674999999999,-0.2781401739361805,3.429906898829447,0.3737140929308679,0.2762689188368413,0.3167819280892675,0.0431465006152142,1.2120243317297643,0.3082157148039234,1.4590316916574613,1.274575891398606,5.040273277601,3.0563350437954915,window_3
Limping,-1.99512571875,-1.790662,1.214604358581536,-4.285094,-0.307906,2.3364625,-0.3844763006283835,-1.1649432363669394,10.688529023948494,4.284386410080497,22.128699530328248,0.5481163711194492,127.688046,4.715945723479011,4.6341741621518935,21.472105849949656,19325.56785917885,1.1154946395283851,-1.468417,-1.225962,1.0682001911657435,-3.814517,-0.053745,1.3264675,-0.8885123378557435,-0.1781247449335654,8.103961196172486,2.7905234770851592,16.832284003620767,0.6884149327095858,93.978688,4.216352378844664,4.220668007326046,18.307640842130475,11167.999099123745,1.2997238601579957,9.63025440625,9.6470235,0.6992555771741457,8.009444,11.57337,0.7252915000000026,-0.1262957932734791,0.2704627746134114,23.611262173194916,4.002603070981242,106.5104299198586,0.372554430748745,616.336282,4.777845488087278,5.379469336402179,26.97172108699265,380862.8282599826,0.0362861074102073,0.042127171875,0.034304,0.3167766703724188,-0.720184,0.546045,0.46884075,-0.345283798206136,-0.6107111110135732,1.403031542465452,0.8005746284420769,2.1616315886457764,0.0924929279050523,12.224918575117432,1.0931374696564853,3.959689759982353,16.77465891630857,212.516756293896,1.913805648293203,0.15548803125,0.007876,0.7646713382530956,-0.847069,1.510858,1.446958,0.374599547668894,-1.2423949908403769,2.4420611095043023,0.912422341664722,5.877953601294452,0.135788357911981,33.152928988579426,0.977439030316456,4.519931847664638,20.39615817275692,1296.4480320487617,0.9595876383428004,-0.07806625,-0.0288375,0.1955720405232749,-0.525523,0.233095,0.19571675,-0.813237759431865,-0.2143665181048701,1.0544945552187075,0.5388080040059795,1.4545585654930158,0.1442325388478044,5.687509700545631,0.5161555180558125,2.315754734457966,4.024854369379304,103.28638039791998,2.59305479859636,window_4
Limping,-2.03164596875,-2.292151,1.434546812527021,-5.636927,0.97991,1.73997075,-0.3893510730672956,0.1938106181361201,12.241949566632142,6.850808249426587,22.58636657484501,0.967600201041477,130.02534200000002,5.543718487942892,4.459297702878145,20.192901902957534,21120.2970958477,1.3775008494304866,-1.599197859375,-0.9851295,1.7145413894164132,-6.031747,0.497946,2.71673475,-0.9114903219635244,-0.2478087389444776,13.386196824641464,8.066584410906625,18.33742227036792,1.5254593882525505,102.34866300000002,10.946662448629692,3.638296508401397,14.541850127973976,16494.442270394444,2.250539965458478,10.112027515625,10.11433,2.195204319048251,5.67836,14.90085,2.655059,-0.1178117013142546,-0.2760126545903576,33.30334119410421,8.340655302943599,110.84987261384718,2.371100658892309,647.169761,11.66517316761158,5.297646200329018,26.392664660693423,428697.8173823061,0.240098176489177,0.0685652343749999,0.076938,0.4214738102790589,-0.800123,0.968388,0.63578,-0.0530455047613137,-0.7936683538953724,2.3693015022754684,1.3036969102696283,2.5210183878915795,0.3917445619750196,12.534758085363215,2.357699469133766,2.2732829883031798,5.918603018218759,383.0119462647119,3.12159849236611,-0.103018109375,-0.0899155,0.1577861981888107,-0.444444,0.182009,0.22329575,-0.2674829771348307,-0.6301403588391921,1.1886863730020365,0.8685146013160465,1.240007165529453,0.1983881390118295,6.593159,0.7505692661774436,2.7684463006686477,8.81191698876698,94.418978045604,3.026330101897519,-0.0462614687499999,-0.064943,0.2467192559745266,-0.551903,0.520608,0.32202,0.2086176199579508,-0.3231764726169595,1.4523763959072369,0.944011203855418,1.4338190203585688,0.1163332410654301,5.889776939026067,1.3024206252342785,1.8101556289225864,2.908190080340475,133.28749371297602,3.3550006486681867,window_5
Limping,-1.64661703125,-1.8333185,1.1357532989844363,-3.515152,1.796515,1.89978075,0.6456412428367981,-0.0595110556299647,10.608462073865857,5.849740426918963,17.805472187344353,0.9665558718842776,105.38349,8.557416447968167,4.690955394753552,22.11045167797167,13746.377836382191,1.4669735247267852,-1.94959421875,-1.5515155,1.2837990758485085,-6.491639,-0.640888,0.9493947500000002,-1.9826813111817911,3.553582882378839,11.974468954908344,5.8474631249863975,21.16742244877251,0.8138741978885521,124.77403,10.011740497306208,4.697405046659099,22.221011463163567,18926.325756059592,1.376408623738216,9.414367765625002,8.870856,2.025055113740069,4.906825,14.1829,2.4428012499999987,0.3571427146367816,-0.3194066453065431,30.899219522994706,9.19393888192722,103.2092067056438,0.5063670534567699,602.5195369999999,21.326690190574357,5.298676865807487,26.40671590745975,371420.8677100329,0.2413011644619717,0.01214184375,-0.023918,0.3623136364865399,-0.596546,1.021681,0.51780325,0.4358516831755956,-0.2476141156622002,2.154439783150188,1.336655302470083,1.9342258890834785,0.0844212871343914,9.65288263124848,2.0113141578691,2.077212431462001,4.884389448535403,268.250898215072,3.455919621701709,0.730339171875,0.3850535,0.8282147256059181,-0.378628,2.421626,1.32391925,0.8641290079307254,-0.6362108661278296,5.237640199744021,1.834456087610852,9.205428294528549,0.8828292455566514,46.741707,2.7572195591749846,3.4176379907904235,11.426684428118005,3589.529118325804,1.8152530913625664,-0.0579150937499999,-0.0195115,0.2174652323074971,-0.587609,0.450262,0.1808615,-0.2879364860960072,0.2215784407398531,1.4763994977696189,0.9884978738589464,1.1296941142013532,0.0798348221683806,3.721455416107526,1.6231661202753769,0.7506410038752334,-0.7849055640823424,110.590856597618,3.953188100195156,window_6
Limping,-1.6326504375000002,-1.60207,0.8633424618904836,-4.266791,0.558737,1.2349815,-0.2233031840367067,0.4520502365435499,9.195629085619728,6.039305028612091,17.445131334590712,0.2116359259837638,104.489628,4.844346075328604,5.071787582417506,24.833202336234255,12444.550449965256,1.0647443450933485,-1.24153065625,-0.976572,1.2151218645057815,-5.253765,0.6677,1.20032275,-1.356149695343497,1.879100392525343,10.569557207693911,7.307187512031146,13.41763859787448,0.5021466393199485,79.45796200000001,5.940985729940427,4.252578653122959,18.83201314575393,9335.95408351633,2.210050670267293,9.564017,9.585106,1.7268463923224415,4.065821,13.24855,1.7937212500000008,-0.4588255444879881,1.881247181392812,30.10756835232474,11.165363960884704,104.84221946266324,0.8511815501929557,612.097088,15.54857633121579,5.336872047584244,26.675395764626742,380747.41292630887,0.1831622732803496,0.05537121875,0.038168,0.2783046386874501,-0.863541,0.66169,0.28125125,-0.5441635118100708,0.8445279858345285,1.7496969285515012,1.1714471101229944,1.5125051546517967,0.2383039068245157,6.658697840915165,1.4608971986006971,1.7662206559204106,2.9217267562034968,171.171557908186,3.5767529374203093,0.3593859375,0.261415,0.5373489924460718,-0.453504,1.541234,0.721913,0.7628782984605332,-0.3602773493850675,3.02306206889387,1.24933811269243,5.0864780954964415,0.1820262722209419,23.0007,2.01536237072836,2.912194001370402,7.714131825343694,1120.3572380272,2.085030330754607,-0.0122792343749999,-0.0116505,0.1778992554520625,-0.398421,0.630391,0.1815275,0.945981294409603,3.138909343868412,1.17616790481823,0.8913821895292654,0.8132712377647265,0.2668097832184671,3.2519406290779505,1.5287692505288977,0.696587683053598,-0.5810472825953665,65.432993487996,4.083700125868875,window_7
Limping,-4.17919174,-4.890753999999999,1.1603033140864298,-5.018826,-0.613183,1.6787967499999996,1.3644680316498232,0.8853562557913812,13.51377152521204,2.946859942074353,40.38875897901182,0.8887381774631707,208.959587,2.9926286430540165,4.521366022766758,18.93976521148185,45346.84681750849,0.3130620999221228,-3.4744844800000005,-3.8616445,0.9474058643544748,-5.483139,-1.285725,0.4674942500000001,1.0482648149917004,0.3572446479932312,12.302347447880974,4.683368651373977,33.17707857519554,0.3795860763406501,173.724224,3.637075040831916,4.592986546756071,19.42012523440891,31301.657387827054,0.3500962507499583,8.341177380000003,7.765728,0.9244897275985688,7.592986,10.83371,1.5228505000000006,1.0700494505943263,-0.3651639704009901,20.423121520345617,1.9980745724704876,81.13663270251189,0.391610076245206,417.058869,2.5533994017686688,4.663063323466768,19.84555569356721,175006.42647342812,0.0652261235366355,0.0182416399999999,-0.0055325,0.2431654010402598,-0.458518,0.869797,0.0684802499999999,1.402015268555473,2.986113654271548,1.1661084271988231,0.5356729881667722,1.2745012867961674,0.2412008711947447,4.589059911605397,0.6281609545101619,1.6868856575504685,1.4382088762337668,74.60405985073,2.825038505923064,0.2566934999999999,-0.000251,0.499908683052025,-0.378361,1.395746,0.2763215,1.329429825572587,0.1069633881673497,2.9423461512998754,1.4933195388618323,3.229049790115893,0.2300298170413881,12.834675,1.8343827564059685,1.878013245024456,2.526358484717626,477.104085527917,2.7773152981401528,0.08908292,-0.00379,0.214917586451071,-0.179655,0.637852,0.04056875,1.451162142703591,0.6617648591752348,1.00523633679865,0.3731601604655079,1.4465660298853529,0.0724927448726262,4.725862471386236,0.6922975883279964,1.8017630166078449,1.618950808705928,77.57633429096599,2.395794721462519,window_8
Normal Walk,0.5070730625,0.6305810000000001,1.4992364311590614,-2.502093,3.258194,1.62807075,-0.4654150889229096,-0.3592881079217109,9.10252062877657,6.407307267922791,9.682819762614924,0.6399768754328443,34.98672071660657,7.649886403160154,1.6151606305174886,1.53555194479031,5651.612171282854,3.2818203342649177,-0.7377410625,-0.629882,1.2328719981369705,-3.153121,1.582888,1.57906925,-0.4756545079344627,-0.6047117937951128,9.2837361462836,6.135815230447394,8.985181913343213,0.7963824653056297,47.215428,8.422705059069738,2.474958314351776,7.396865376657917,5341.480027189847,3.246607420161396,9.9750465625,9.938514,1.9259860642816744,5.15232,13.31547,2.154085499999999,-0.4054699608610632,-0.3143478364745298,30.842323685358977,7.63780618756477,109.64636148522098,0.977940634530706,638.4029800000001,14.454570311465623,5.307271871780408,26.462186780418424,415154.3525523268,0.1948843636128644,0.049162328125,0.043204,0.3015325722830399,-0.575122,0.804887,0.357127,0.1349145149576226,-0.2500129003530831,1.897721082932193,1.3119021972386986,1.5875603555476363,0.3519066165254763,5.945344053106257,1.6498384945798796,1.208340216116073,0.2687692004769344,195.89418211558,3.730764019224828,-0.197336640625,-0.2197235,0.3646864191457576,-0.898137,0.440304,0.4834962499999999,-0.3719314010689451,-0.7855979503343731,2.2545124577912725,1.083705271043014,2.900595801474945,0.1682966656564764,12.629545,1.523756565899687,2.1211964723761403,3.875059775575528,431.881037627844,2.814961329718092,0.03925790625,-0.0245309999999999,0.2443050855431405,-0.360806,0.558223,0.39449775,0.5282974650813085,-0.8732394366206719,1.5786488491317217,1.2593438646164683,1.234594084838678,0.0855756763034499,4.131986791719463,1.8825340711030447,0.7723982485102399,-0.5940138798862868,128.523351781874,3.930320122306188,window_0
Normal Walk,0.782202484375,0.8496305,0.8287146071567135,-0.867105,2.053548,1.09724725,-0.5495671740486802,-0.6239939347267982,6.081109248473181,3.2658271589257257,9.234946694128624,0.6397358775064067,50.060959,2.992321479070182,3.5205141198765904,13.360202329535028,3912.452164328424,2.0752400416245904,0.4532264218749999,0.5259525,0.5791772189104721,-0.8065,1.413546,0.91076925,-0.4813730175996984,-0.7122163550467877,4.114490977522205,2.1964162727262178,5.54787477716428,0.5402401730537603,29.006491,2.9852884706322023,3.126480594641869,10.449202886872724,1526.654417510632,2.419502542520731,9.5811080625,9.580075,0.8125486784485951,7.87419,12.46273,1.0108207500000006,0.298673812954149,1.246611400879135,24.390516187701053,4.985930518675531,105.81798343936516,0.8202600084043258,613.190916,4.931263072637597,5.37740935091932,26.957264350022797,377354.9727704405,0.0484348432163086,-0.0185524843749999,-0.0280745,0.1288170481257954,-0.292672,0.203748,0.201645,-0.0991169699921362,-0.8334715696360915,0.855688913672557,0.6157680696959467,0.6112712642197033,0.0877134534792827,2.263012341292776,0.7238384220934904,0.9558451390813396,-0.2093699646106315,35.387394414172,3.9966826681848056,-0.73860109375,-0.304592,0.8931816308250718,-2.339433,0.408328,1.55021175,-0.5089267059404164,-1.216849897903557,4.1552547787180885,0.8820131069629789,10.179340052769474,0.176998089618739,47.27047,1.366632914240571,3.473379863621786,10.743717407697082,3868.3233979512415,1.3440053701740315,0.254105703125,0.1681215,0.3217850214796304,-0.29952,0.728759,0.5658325000000001,-0.1195710400839281,-1.505684166806492,1.740385871480927,0.537838697791809,3.4442374106060947,0.1555299646784116,16.262765,0.8516208784606063,3.32135380476705,10.08612154119459,476.534858312608,1.668797305050538,window_1
Normal Walk,1.68290446875,1.6961274999999998,0.9401689150122668,-1.578811,4.222144,0.8822072500000002,-0.4168217689600549,2.205135324341387,8.741370915837125,4.818523857773116,18.51139883570636,0.3849120206628287,107.705886,7.380598194070352,4.7638459455349045,22.554609094028734,13410.67047497069,1.0400989986537292,0.379773390625,0.51028,0.5273354918369572,-0.859382,1.2898,0.72924125,-0.4440711942098545,-0.618716328624072,3.852486415798178,2.3963882404704164,4.60184248779986,0.5253222389080122,24.305497,2.5969025378169626,2.926432371075947,9.66653028443441,1152.595387725744,2.724246955583962,9.195781453125,9.2370075,1.5339434847161697,4.44689,12.8144,1.5870379999999995,0.0111896366850017,1.0773197903067029,27.921877999853265,8.299019862066025,100.9700196950714,0.6098895943913981,588.5300129999999,10.662849306979762,5.340589654290007,26.699234286024677,351186.4367443776,0.1574363539651115,-0.0523349062499999,-0.0355355,0.1904557128073609,-0.534353,0.526701,0.21796575,-0.1122927360953232,0.7548765101476809,1.3404690291017318,1.0517790666147115,0.9343958182564076,0.1669347182212574,3.427053121548337,1.2510388764612164,0.837711675101971,-0.4141474029413095,85.438488420992,4.047969416669432,0.1977314375,0.2365935,0.3549820229110586,-0.465402,1.173875,0.495754,0.1615365366531513,0.0844954602458796,2.178819513776795,1.0310678260386,2.8846094196767265,0.2241387690729956,12.654812,1.435220452118722,2.3188418099517087,4.649673668466975,418.1832312864721,2.688599686449118,-0.059936984375,-0.0273285,0.200128986087449,-0.516687,0.558756,0.220831,0.1610037087602514,0.8161904713117787,1.3370092605262505,0.8986140959978914,1.1086759390804528,0.1177708142869476,4.375365792321529,1.2026980813971746,1.1812938196569165,0.5378831990613948,96.536195220124,3.763351015529715,window_2
Normal Walk,1.411008609375,1.3254804999999998,0.5496282267100422,0.34401,2.352158,0.9273115,-0.0630075906398197,-1.1272794725097262,5.459822772781865,1.4420168986259163,15.632172448822674,0.2172843492694061,90.304551,2.68344532778171,4.996429075425989,24.13635856252944,8773.583365757382,0.5488196489795457,0.893695484375,0.923751,0.4709688142746288,-0.077467,2.036074,0.4626517500000001,0.1082745070635083,0.1147914301915382,4.649861099778585,2.174476572486875,9.728975994584156,0.5311887015398804,57.196511,2.9623556336287837,4.911368877269316,23.60876561492845,3720.773828813724,0.9736635185540328,9.58016228125,9.473957,0.8618464332443179,7.82852,12.86554,0.6857820000000014,0.9779571891868382,2.4218435851549645,24.70358842445688,4.289864416352954,105.75900608973372,0.8633368019811949,613.130386,6.06012022208076,5.376079320233711,26.948044282172702,377447.5088042655,0.053838427734046,-0.0103211874999999,-0.0035594999999999,0.145959945365359,-0.424304,0.328985,0.1666725,-0.2782223766928249,0.3371928066591074,0.9281817373774022,0.6563250307653374,0.7122649495533631,0.2429435223458174,3.57236542729258,0.6309655236733579,1.8564437388387212,3.744815294605952,43.802966270822,3.748095372532039,0.021054296875,-0.030535,0.415850725933886,-0.640468,1.14563,0.35999025,1.29699400763469,1.2931242558433895,2.399229286852658,1.5293482567235657,2.316367077239996,0.6422505795667215,10.042708216678692,1.0672275684029735,1.9721975098061395,2.8775197357231708,355.899443437212,3.308698476928004,-0.0105873124999999,-0.016803,0.1278681039992816,-0.313909,0.258719,0.20764125,0.0913617357558223,-0.8155418586291616,0.8184557990068777,0.5870767824633971,0.6250393822136437,0.1830362769858192,2.3950203488773725,0.6281580291791758,1.3733348704236692,0.8263851480469597,33.937411975872,3.8247347569171,window_3
Normal Walk,1.49315815625,1.6980650000000002,0.7216723792455579,0.055886,3.867768,0.94813275,0.1616861371685846,0.7112440823638648,6.986668500452377,2.164731025833754,16.427065910504133,0.5582361975926473,95.562122,4.419241308224724,4.897006001087138,23.43759896048454,10197.184997224334,0.8135400293775887,0.875068421875,1.0131765,0.5476046626687223,-0.297315,1.88321,0.937653,-0.2639328787833631,-0.8317212162764314,4.461008060165966,1.8177727068214031,9.863522228454798,0.5042892873497679,56.004379,1.622974590755582,4.530627888526472,20.44284266974379,3750.069237250804,1.050425716922586,9.986538500000002,9.6581965,0.9395378847837744,8.603781,13.68576,0.7940562499999988,1.9220498786788685,4.108175410725586,25.5174076712718,4.27397087578429,110.32056645360028,0.7098801015455882,639.1384639999999,6.45491400280341,5.370976230512519,26.911912845964174,410296.4952609637,0.0563165214499848,-0.03158825,-0.037667,0.099745628501015,-0.228188,0.26237,0.09685975,0.7099833610190123,0.9845098435177632,0.6950549998656081,0.5000122712618098,0.5297876970908436,0.1525502119513541,2.108010975595485,0.3925299589015464,1.439229472731019,1.0549763284114917,24.440846618464,3.816066930283901,0.648740015625,0.3333195,0.8430433548535533,-0.685234,2.088641,1.48945925,0.300757409974093,-1.2871318211894394,4.6742732970744205,1.6767822151050509,8.80385370832924,0.627605756242367,41.519361,2.4118496936848786,3.3669958656187053,10.222425859875084,3179.4134711489764,1.6958885928309615,-0.2405819375,-0.178413,0.2837373041126066,-0.846834,0.290161,0.3689174999999999,-0.6836861233149685,-0.343219046011602,1.7614742882469647,0.8328291961882579,3.0751662189133024,0.1107278185873189,15.397244,0.8831501622628533,3.484142548483741,11.410242986327876,401.902046147222,1.774242436150545,window_4
Normal Walk,1.45929734375,1.5764334999999998,0.7898953763267327,-0.503003,2.875877,1.2134035,-0.4999077944637378,-0.4361486547419919,7.096081532332515,2.146017722679332,16.190566561107858,0.3232785458509293,93.39503,3.928857074903703,4.726176826192087,22.245357552004982,9999.642197861584,0.9519165515940752,0.5896917343750001,0.7187410000000001,0.7880147188235969,-1.491547,1.862977,1.02948725,-0.621896917221873,-0.0769336705303893,5.818269317684712,3.5329420741663444,7.08135911877053,0.4769246086289527,37.740271,4.487853394606982,3.094627541547073,10.554442799077728,2687.932954307388,2.634445621892941,10.633433046875,10.60034,1.6549421524118622,5.951701,13.60762,1.774887249999999,-0.6275611210997089,0.3690742669052769,31.10513857036946,6.908723611005666,116.96445194066584,0.3292928703672112,680.539715,13.176245149583364,5.341171148692269,26.70318867723285,468742.8052243911,0.1377914942169249,0.097820859375,0.0577265,0.2487889069244916,-0.422439,0.789433,0.2182327499999999,0.8329388571427558,1.125815616023993,1.7443356021493213,1.1746011154031757,1.463608688794623,0.2944249108477285,6.260535,1.9726481807683285,1.2216191808356505,0.9412627257395876,165.91542677890402,3.7423973345139263,0.026791609375,0.027953,0.3355393910741245,-0.713479,0.670794,0.5142059999999999,-0.0911616761178065,-0.6721866939321726,1.793873149326382,0.995213141069349,2.01970033773552,0.1082654694466934,10.522786813851496,1.520796773397989,2.842318813093979,8.837159696268653,233.50945056394,2.8509237977080346,-0.06138584375,-0.089148,0.2097430579988151,-0.530809,0.515589,0.24627825,0.5644999124441145,0.5477927500892203,1.2141711222151417,0.6896616557144035,1.3503796489602975,0.2354770491057283,5.327109550434655,0.8190343542065982,2.0288100540027267,2.9768002836110456,105.527574731114,3.053406038551933,window_5
Normal Walk,-0.1188966111111111,-0.9772295,1.692627738777484,-1.895161,3.220385,3.154232,0.4156866950118641,-1.4359441255616732,6.690121722892802,3.577825538183306,10.555230756791351,0.4619296244251868,54.8494992279236,5.364760335676738,3.5735383960168954,13.21424416811676,4216.606874898379,1.733395762951374,-2.566248685185186,-2.8483565,3.149593091920228,-6.029137,1.917173,6.375105250000001,0.0731930755418352,-1.8557473009101413,14.802044448836888,3.4641016331721133,32.05844471479464,0.7872469964331598,138.577429,7.5813983405803,3.1509419399834657,8.462454035527792,33664.79872971595,1.3699496176039625,9.458819037037037,9.235425,1.5931276708196545,6.312554,13.2158,2.4416305000000005,0.7498782153114735,-0.1621959012697376,26.772284971695004,4.907916943160517,95.30341356949856,1.8713010276598527,510.776228,7.032965526120083,4.841241420558391,21.640015263908417,264586.38877632224,0.1441640870876771,-0.0871302592592592,-0.0171489999999999,0.3079196621042203,-0.738996,0.665794,0.4080205,0.0962344981305293,-0.1227589172227916,1.6449241507278936,0.8310236935991576,1.7975005123047243,0.2288380953297555,8.301401391596135,1.272638378522354,2.311169593802085,5.079995316529995,160.29315594135798,2.7813145183737724,-0.1811409444444444,-0.087958,0.1994381796379813,-0.631941,0.060595,0.2826499999999999,-0.8077286198601268,-0.4612234597796796,1.137603963011613,0.4325692510236413,2.096980348023605,0.0743405608424382,9.781611000000002,0.5278268697963648,3.055456347405711,8.82206427630053,153.66967262973708,1.6555459147972849,0.0850444629629629,0.0029145,0.1969575886460043,-0.260084,0.500134,0.3050327500000001,0.4575386442700451,-0.7363895858991616,1.0325115198795165,0.5075747835374015,1.3449358163802831,0.0582404877469563,5.65470288146139,0.8727840267929521,2.2565066844227664,4.289129979036947,77.62317449939299,2.492072104679816,window_6
Limping,0.695262640625,0.7756645,1.24299182054722,-1.903372,2.821771,1.5281717499999998,-0.4984096555129469,-0.5937856661335816,8.281689857329772,4.417719350030743,9.597781173691317,0.2065247248123987,44.496809000000006,5.9587340173353205,2.3693664991919112,5.243490586986967,5142.521291233993,2.9058869379345964,-1.47933753125,-0.995678,2.0128502989926136,-5.406115,1.544697,2.86540125,-0.6357515954318673,-0.7992297086406377,11.698083162892424,4.245498320199786,20.06424304834296,0.7036558288211181,94.677602,5.390688117999897,2.880990528346356,7.970706553507236,17261.407961245626,2.088860310420861,10.545226078125,10.0062305,1.7639041782762686,8.428373,14.34517,3.0641444999999994,0.4927065521895044,-1.070598716027393,29.577507075776367,3.810126073102521,116.43908559565604,0.5957020636190467,674.8944690000001,7.725619889126314,5.310790831053721,26.483355549533908,461852.4665334438,0.1439246042848284,0.19077465625,0.191757,0.3298050488873227,-0.487989,1.123577,0.38717025,0.2903899477068044,0.2380680704040241,2.305470630499506,1.2769450747505338,2.507036763149717,0.2947151423849691,12.209578,2.167182839173403,2.2522866546021345,5.590229851429752,371.21370111616,3.089084354923049,0.1095781562499999,-0.119001,0.8259028886289806,-0.814201,2.14593,0.663225,1.3065950631710934,0.6217646495812175,3.5189189147711684,1.497690947851845,5.727936875022716,0.2108074320959735,29.39647920139098,1.706313714687809,3.34809094423312,11.265572923294968,1446.1456375353378,1.982402139945859,-0.0586712656249999,-0.0634345,0.1876325000437392,-0.3696,0.36184,0.233421,0.4564962736332086,-0.5399049649700904,1.096873412273736,0.6362627572018621,1.2207940652593072,0.0445810265241986,5.257925223325891,0.6305640228591323,2.039923457985371,3.203528203972474,86.191021834412,3.0547254944340327,window_7
Limping,1.9681354375,2.0310925,0.8298338868925228,-0.489261,3.767254,0.6518344999999999,-0.6869746563962853,0.91942655287718,9.341050732306698,4.146669195461865,21.274353550042047,0.5554665976242966,125.960668,6.500590134156641,5.128598232581939,25.223627454050398,17275.307128182856,0.741574128116807,-0.1684567343749999,-0.0452215,0.7737654580572656,-2.302732,1.429108,0.8990772499999999,-0.7881792831753311,0.3038480335166817,5.159414686771749,3.2653902007914994,3.897332619998865,1.3437211810697702,17.25156812238316,5.19194467616351,1.2993743487784106,1.0049622374630065,1337.880366751464,3.860086288676471,9.673281953125,10.121935,2.3062547560682827,4.678504,13.70121,3.782040250000001,-0.2343564722296699,-0.8743772053828347,32.5719756580372,12.01109474732939,106.0974585077374,0.9494483298066508,619.0900449999999,14.602409929306436,5.268898768170533,26.18765078344764,394163.33760220255,0.2784476036523342,-0.0991656875,-0.11201,0.3601731042635903,-0.825597,0.96663,0.41927925,0.6081697698414347,0.6150677583985207,2.273588564045845,1.6272084280273726,2.0892098326907327,0.2436463409205053,7.387594325068174,2.239893924683514,1.175223384255128,0.1525441677251473,305.088085874294,3.61748383690568,0.2444206562499999,0.1418655,0.4324678178669129,-0.444352,1.617535,0.36725175,1.4562926311284576,2.276814506276426,2.7840985130422946,1.3488109478144563,3.4446364706434918,0.4171845108355628,15.642922,1.7574315817719834,2.253732931052939,4.581714121540746,627.7351982467701,2.825444041129687,-0.03205003125,-0.0471805,0.2355405919738125,-0.448739,0.724229,0.2719915,0.6860532227541711,0.4149680788815142,1.4966000618165878,1.0784704444007822,1.2005706443800324,0.1129931525556673,4.593247627363712,1.5637767709987878,0.8682484345886268,-0.2001354866300491,117.797811749648,3.8830415194377608,window_8
Limping,0.8063892343749999,0.4929215,1.1164477522772245,-1.057714,2.907252,1.47329425,0.5250470190375706,-0.7803133694920952,8.04491907233919,4.872578702119441,9.912455754904162,0.3324856461534353,51.608911000000006,4.705694887721919,2.89184576529313,9.21377678969496,5215.280063149426,2.666696212890733,-0.558572640625,-0.1473245,1.0993608305329536,-3.419294,1.182032,1.67883825,-0.5337889273201651,-0.7597471975835819,6.549134428418175,3.053851808772106,8.622663140200117,0.3790337339222231,35.748649,3.4168282870460613,2.0698865829084108,3.394599055728144,3751.727404507456,2.7876332819350704,10.094214984375,9.823378,1.1446588417478982,7.317676,14.28563,1.278363499999999,1.1926060092053024,2.9274787660321997,27.08989441480333,5.281194040357439,111.3207558279592,0.6325116940000375,646.029759,9.87845430693284,5.3641658089272255,26.864881244721527,420037.5378404255,0.0800807777847754,0.1182219375,0.0786439999999999,0.3572110409022005,-0.579119,0.821941,0.6080672500000001,0.2733097511886551,-0.8709550204941907,2.0133915798222857,1.127995485738519,2.428239510631191,0.1735414441309716,11.42630029114137,1.545529283719573,2.328585389298181,5.363917355954008,318.40296879007,2.8654635385065816,-1.0018452031249998,-1.3655125,1.0737892622369678,-2.678107,1.038512,1.6267535,0.3582435433064216,-1.096551023154515,6.319660112319186,1.914545200927852,12.740564939247836,0.4883415691571735,64.118093,2.4175531892044333,3.393918618395008,11.3127400782175,6472.323165005741,1.6411695962239106,0.27255403125,0.2515239999999999,0.4275768129460764,-0.515888,1.217984,0.305899,0.2560698987119326,-0.1376154116035901,2.8464378971250337,1.5455654299439343,3.619813181107345,0.2265272848548714,17.443458,1.6904732944939498,2.561529889022133,6.486971723093726,678.568197385858,2.684877565938889,window_9
Limping,1.493878046875,1.45738,0.7569055461148915,0.182203,3.407944,1.077137,0.2852154936448781,-0.3293274998327131,7.393650048051523,3.614707280884537,16.36005773911576,1.078620046414648,95.608195,3.5721176825874994,4.896318217782129,23.43705058606461,10314.161608328122,0.8922515955134258,-0.0049229375,0.090195,0.7631151795938121,-2.256123,1.339798,0.9680755,-0.8911686112609725,0.4452432599245268,4.719281878299991,3.49581738517906,3.864480299946852,0.3150680000000001,16.47811343377326,4.429983988910188,1.374841999053819,1.3695128216911314,1190.586541936896,3.7405367440153054,9.4977581875,9.286159,1.840486419512489,4.62047,14.55643,1.9964794999999995,0.5572309792141107,0.90111541017774,30.46469440940936,8.25027285011346,104.0922554957285,1.3517053012725924,607.856524,16.50051485523375,5.324383060793541,26.58632499584444,376425.4483086949,0.2041113035404884,-0.09017678125,-0.0988199999999999,0.2964885436112197,-0.70409,0.829136,0.3448017499999999,0.4687364568310278,1.0485540222274752,1.8320604037928017,0.7795285581175807,1.817840133270695,0.1618450567413816,5.771314,2.8428953064679376,0.9209029909290332,-0.8261275204498388,213.151618344802,3.5814090884467347,0.172359234375,0.1920945,0.3144807100485627,-0.512299,0.747802,0.5480465,-0.1795110820554448,-1.1376635020330177,2.053347001943547,1.119333134162456,2.4321935605893032,0.2472740177744151,11.030991,1.2309046753201909,2.29946193714428,4.571179637994601,324.217581650004,2.871747127634376,-0.0622976406249999,-0.031459,0.1748995459770557,-0.437548,0.511592,0.194185,0.4273836486986381,1.4165845321131334,1.2748025576002695,1.0233663355366571,0.910692081917956,0.1359120887323518,3.987049,1.252231865511896,1.092148179044442,0.8715640248345764,78.54341212583199,3.9875245189028616,window_10
Limping,1.87758721875,1.8804475,0.8991089266505662,-0.322967,3.389636,1.6026474999999996,-0.2576267294295857,-0.9466218777612756,8.971446242194615,3.350824801101318,20.5513783074526,0.8034201528632111,120.165582,7.191655093942963,4.936111773882667,23.793408333376856,16091.071936403872,0.8357246348465586,0.1059483593749999,0.3126675,0.9537742521868114,-1.843127,1.631093,1.4516155,-0.5324633615278407,-0.8526265304622589,5.594599145727396,3.482137875982885,5.319755301834795,0.935593460770946,26.456829863028037,5.360548004242352,2.092152911255777,5.224516185724431,1907.17875432874,3.369431813411762,10.032301109375,9.8823945,1.88973431785167,5.192382,14.65121,1.6152625,-0.1586586600600334,0.8528896875956455,31.941910661700643,9.200179426886663,109.95947576949676,2.103442669295799,642.067271,15.378838411023173,5.329735157945272,26.622774308949943,419563.9029831234,0.1942678609208147,0.085755171875,0.07518,0.2939430706805505,-0.554604,0.939984,0.337341,0.3603033586013432,0.4820046407143645,1.9803071176131717,1.3342058159672714,1.590860876980169,0.1025277484400602,6.291276872814711,1.9824903549805135,1.101054461757572,0.1928051956769589,206.478547519216,3.817116072552869,0.045810359375,0.021158,0.2163362181116588,-0.35562,0.4451,0.3535295,-0.0120757370349801,-1.1552698675210251,1.0981283020499046,0.5226963831704596,1.4345717115176286,0.1127590122627384,6.497686056301856,0.8469031184299657,2.253537712054804,4.651296606197464,104.444216423988,2.741048916694455,-0.038020453125,-0.005079,0.1966944309532658,-0.474586,0.583803,0.26959375,0.2339701055607615,0.6879536901733396,1.2041560413360757,0.7483413504489747,1.0997468040578504,0.2260897042690376,5.389315940805335,1.1780268412707977,2.012932234485122,4.380033049833247,85.101913757492,3.43335723331061,window_11
Limping,1.66243246875,1.6336135,1.0645350052886644,-1.176876,3.813518,1.2482005,-0.5221651587048926,0.4733397647253823,9.906490504396434,4.476630091023081,18.114625950975284,0.2702352191304661,106.395678,9.968816238707744,4.691878741168447,22.176775534125404,13640.9032786382,1.3200219650367806,-1.137095859375,-1.259471,0.9890845264832948,-3.305101,0.768185,1.42120025,0.0753447332711517,-0.6120116260225408,7.702204723876333,3.3007869803121093,12.991482199424231,0.6378105087813412,72.774135,3.804646904248794,3.9692339550663447,16.77976653314434,7299.282155086708,1.741972129680785,9.671819859375,9.594634,1.738750892793722,6.399257,12.92118,2.7584322500000003,0.2164953884379444,-0.9510665675157136,29.918782399058205,8.657339170334339,106.16650932512086,0.5327942435665801,618.9964709999999,13.007636931511502,5.329648813174015,26.62240634442087,389326.75976074126,0.1774471585018071,-0.0937615,-0.051523,0.3918556863024878,-0.981744,0.756125,0.4238755,-0.4726022851688068,-0.0544785871119497,2.46063522533125,1.5250276386114958,2.2129459607945754,0.1158173168397045,9.413159222868188,2.505897448622481,1.3413594261473707,1.258829757633772,350.45937720121594,3.620295825119168,0.6494019375,0.8517220000000001,0.7654398959386213,-0.589574,1.886929,1.354629,-0.0992804164302897,-1.4635148066157802,3.67217776678553,0.9916631892067338,8.83098783852173,0.1959596582568258,41.561724,1.0214578934327647,3.543360946437767,11.20304769716992,2927.0795441597656,1.320590138366168,-0.15635896875,-0.1880055,0.279612480367191,-0.621407,0.777521,0.4134165,0.5806863557004308,0.4496034308039354,1.748956792644839,0.8724752613411506,2.252561386662146,0.0263685066500853,10.006974,1.7072869539004656,2.4955421805280604,5.941986116940003,260.252245223034,2.6992790698253537,window_12
Limping,1.170056046875,1.0287575,1.0157133010831512,-0.870997,3.567024,1.4466395,0.0327705430332726,-0.5362255493004819,8.420623880677265,4.528157181549727,13.052054217423862,0.4097428349683931,74.883587,6.603523224782135,4.1435398618751655,18.11471842633531,7720.416826700936,1.8347556985046127,-1.01831365625,-0.761115,1.0679580188189637,-3.6787,0.87548,1.39182825,-0.232914227569058,-0.7045851692177649,7.345608099487613,3.829840811524144,12.298355750718692,0.9092752777188816,65.172074,3.5614379799285105,3.7277234694862966,13.602449029092655,6566.640400719793,1.766359666750333,9.257665140625,9.1830475,1.403995453033757,6.127869,12.49799,1.88715,0.4016249353279604,-0.1713265210011894,27.97591542379765,8.772858346017864,101.54857740563794,3.20055271070792,592.4905689999999,9.580807433607683,5.361359532592027,26.84544545707473,355032.49334106635,0.1362144300129234,-0.064667078125,-0.1462505,0.3414611507504507,-0.694763,0.799292,0.462645,0.6186863711498511,-0.0718478604476686,2.2034422782083327,1.6516290300913088,1.7723432782517965,0.442880730792934,8.324936362268524,2.23614926983912,1.619842333103381,2.5829903498027065,255.883474219528,3.71977609667918,-0.017062328125,-0.200938,0.4204920958492805,-0.574652,0.9671,0.6972655,0.4745793763858151,-1.0171490160030667,1.9580564197568924,0.989252406461686,2.7405635949897595,0.0649652695194794,11.202552489076488,0.8398452709473853,2.438119105729945,4.636376202312511,363.0295603563,2.5210815544513894,-0.0178775468749999,-0.003347,0.2376378082413398,-0.745312,0.503331,0.2745237499999999,-0.6725484788939181,1.2686121628577922,1.4625081008790723,1.1051286499616615,1.2313137495507445,0.0106166445301677,5.832492753394349,1.5465379674262674,1.4851279487404532,2.6809766504888586,116.962031839028,3.7040481872534072,window_13
Limping,0.0567565294117646,0.1163585,1.4364390253635435,-2.216867,2.063407,2.98756025,-0.3489042353039029,-1.3304795026028249,5.874896088029337,3.592343732951399,5.988193942447524,1.573687821655635,21.916181052233995,3.9908737355226336,1.6986572838455964,1.625372805604936,1196.33880253763,2.3835564712039954,-1.3022209411764705,-0.1914505,1.9444753213960249,-4.434294,0.576576,4.3022415,-0.8386068598740133,-1.2041847312758664,9.7327056804304,5.096447089493458,12.212164880009157,1.193031362244324,44.275512,4.038299159643966,1.97961329143972,2.482719329868911,4145.66302561299,1.953172458351596,9.217649764705882,9.281615,0.46704829568447,7.982196,10.11609,0.5881505000000011,-0.6155555842857375,0.0538726797867314,20.59937149731125,1.6946580721658202,73.21625117597331,0.9353801948783592,313.40009200000003,0.9479185492171304,3.7472205068467614,12.049426695275654,98344.21021990672,0.017676357870531,-0.1314225882352941,-0.1128095,0.235232972065382,-0.469869,0.162979,0.4541187499999999,-0.1345582541690649,-1.5768950092238612,1.0833953163365266,0.432804097707491,1.3718814286104728,0.0784955961450213,4.468368,0.9626151170797635,1.542427523157101,0.7628480304846934,51.948669115646,2.119181250935997,-0.488513705882353,-0.39812,0.4352273056549626,-1.386829,0.209014,0.4975517499999999,-0.5729137295196415,-0.3982054605662419,2.5113296460131,0.9547794872589024,4.0442553830694745,0.1659019992269533,16.609465999999998,1.4607063370182587,2.645217505246146,6.058123488075363,385.26722930532185,1.3371319865002425,0.1214357352941176,0.0579395,0.2032368020082671,-0.086617,0.596327,0.32615075,0.9884226033437894,-0.2888587650476215,0.9735105132551952,0.4749337070393366,1.2080088123501205,0.0307169055873872,4.128815,0.3765374145715865,1.674914853350094,1.3038236533446153,40.91913617227701,2.096418387470526,window_14
Normal Walk,-1.5677116875,-1.7674415,0.9196520712505368,-3.591533,0.961123,1.39293,0.3214360289723256,-0.0411097547518068,8.02348000316676,3.3263643021608704,17.445071114235585,0.1515841270489698,100.333548,5.372935216810403,4.649096602645109,21.55632038828708,11798.615601342515,1.0399237853673748,-0.4744966562499999,-0.0608105,1.3263286808376844,-3.823845,2.191627,2.2793295,-0.5797157333069991,-0.4491120961304964,9.46553161218796,7.655509858707989,7.169708668554182,1.24425966637228,30.367786,5.840871981673699,1.4841371257233964,1.6621260249366523,4512.032354984658,3.828745373702152,10.168353078125,9.766407,1.1510994263994327,6.058322,13.407,1.1725244999999995,0.0537287647750874,2.1113053419940204,27.8923533671528,6.994061375014511,111.98790297724416,0.254897785607156,650.7745970000001,6.321505601272364,5.370600901146937,26.909472396130028,426216.7612671607,0.0810543285472243,0.0458785,0.0379015,0.215649167856324,-0.559508,0.576688,0.2011125,-0.6535564570737762,1.5658300061495138,1.4738684188887683,1.3907911930227248,1.034981150761336,0.1863894952819571,4.065070735965222,1.500134593998232,0.75547391962728,-0.3070941735345318,103.791171156126,4.061406203657502,-0.12109171875,-0.2246125,0.542571883587974,-0.874248,1.110098,0.8193714999999999,0.5242968460934546,-0.6333143645402641,2.362350404918105,1.0123680803315465,3.890541225971494,0.071180564724363,19.09880856418709,1.5919826501473886,3.10269334084566,9.404050971671651,662.9443349312161,2.055000872247921,0.0024927812499999,0.0087335,0.1410529099143151,-0.304892,0.28772,0.2090395,-0.1949129782684664,-0.8103269816928682,0.822638677674953,0.4688898348927373,0.7721563535299729,0.1594967611295533,4.186130250863622,0.7381172011918111,2.67366340953081,8.617799869205866,40.73471450571199,3.255796038044949,window_0
Normal Walk,-1.353873546875,-1.007599,1.1851551787933845,-3.689244,1.073814,1.88272475,-0.3869721924649528,-0.8934399340427328,9.94419640592932,6.317460413689775,15.017811237108566,0.5795959960623469,86.647907,6.477318958807161,4.163639783021003,18.34681761892133,10381.4942884199,1.8837565696361496,-0.824163953125,-0.5263665,0.859554516617773,-3.490039,0.158633,1.04537125,-1.2509023157091017,0.7167613371831032,7.097981755910024,4.01398376777199,9.144069529560111,0.9538530289449884,52.746493,4.401688030620589,3.9175857645619576,16.531082665753093,4287.85128219716,2.2803403853064066,9.46423775,9.337969,1.572839118011816,4.492938,13.57981,0.997053750000001,0.2370189574882991,1.752138546886871,28.558878723704836,8.089609522056506,103.9600032002916,0.8176042546126633,605.7112159999999,9.711276403465291,5.338976188802267,26.687531169292992,371945.3382195175,0.1551706201017836,-0.18649346875,-0.1832625,0.1925289057723677,-0.89525,0.249739,0.1970495,-0.8605833524439402,2.094985133600934,1.6355099588156574,1.1290034081425606,2.0325441690277284,0.03773123661824,11.935582,0.7565412971984353,4.08455888226706,17.733005674983744,217.796115981882,2.3150594404114075,-0.485158546875,-0.0503455,1.0825791484903788,-3.034459,0.544132,0.8515477499999999,-1.4209205315582705,0.646200503094017,6.064610246950888,2.859600976560919,8.267573895746255,0.2371437817586981,33.432759283191054,3.516702558327772,2.2778853869853366,4.062335486777883,3364.2328182094925,2.6369353157996747,0.06332121875,0.080146,0.1559826296277157,-0.246537,0.584559,0.17106925,0.4218196970417389,1.0910176615915583,1.0750183015109582,0.7942772767568653,0.9540514761471508,0.0759091099806683,4.052557999999999,0.6255305822429453,1.8641105861232763,2.9497590455182143,66.10811416710601,3.503042724809959,window_1
Normal Walk,-0.8387519218749999,-0.9933175,0.818528450353787,-2.453313,2.16134,1.12424675,0.9839930482342096,1.720787172793103,6.425654101024765,3.156536343555137,9.559881200230365,0.2970941350776447,53.680123,5.73221727528405,3.825846049249589,15.839020403677877,4245.771494033099,2.030350189631404,-1.2325428125,-0.8355075,1.3281861016147158,-4.699308,0.967353,1.69357575,-0.7168444040644891,-0.204998214975395,10.473081876726134,6.465590717857419,14.040499773172847,1.7640378044171308,78.88274,7.960048392417098,3.7954244513552,15.087350541716884,9818.27449206644,2.2121532683123992,9.9246103125,10.0616935,2.179234847810407,4.414341,14.1955,2.7398392499999997,-0.4875343433635244,0.0377102369176323,33.1691249287178,10.11871376677898,108.68060506692186,3.0454025981053627,635.17506,12.311784069794731,5.301814859664369,26.422481672617163,413173.272519972,0.2473986492595679,0.0245656718749999,0.016851,0.1908585524596729,-0.365523,0.429868,0.263664,0.0748784584628575,-0.6557908252739475,1.2969750893917784,1.040627284713227,0.8448256099886462,0.0760840254567119,3.342644450155744,0.920217441094235,0.9052339122284268,-0.1423046479530492,76.66799020145599,4.119845310522604,0.355209984375,0.1368435,0.4954454526312183,-0.320272,1.406404,0.8161745,0.6360502875199961,-0.9599674590903896,2.721133731669608,1.05994482197252,4.944348641985182,0.090843508574393,22.733439,1.338886344650717,3.1001467591474285,8.642960267264499,1019.236872932188,1.869946130103589,-0.039574984375,-0.007787,0.1974109877886021,-0.602531,0.264005,0.290045,-0.7542738730598272,0.1209486788569642,1.3278115360632037,0.9567926333570184,0.962317693589337,0.2810116977560815,3.493973071555976,1.427438593657144,0.8973549375996648,-0.3598247929973244,86.052442198324,3.9879219150188985,window_2
Normal Walk,-2.2160285238095234,-2.6701995,0.9338863639736708,-3.144915,1.168468,0.6248087499999997,1.868476285166271,2.8686953880531734,9.070762838168204,4.061800300164568,19.15256359351141,1.425780117677122,93.073198,2.4155869013069013,3.9987463137335952,14.631399133009833,9431.088044065633,0.6494185601979041,-1.6221641666666669,-1.840397,0.571712555120762,-2.48539,0.006433,0.2171400000000001,1.6832224396010087,1.6738941323523129,6.306139064288268,3.085395838183085,13.950874757007997,0.161820227755893,68.13089500000001,1.6479890118399836,4.125718356173099,15.372515923531507,4922.280224061173,0.5138405254646489,9.562346261904764,9.404381,0.5910982396465019,8.1523,11.94098,0.3281577500000008,1.871824651876332,6.067267023868011,22.007981469382347,2.916385733329148,84.91828558958802,0.3360701182415515,401.618543,4.214495684441001,4.242773392661465,16.019042792139967,161604.79599246162,0.0261373588497186,-0.0854771428571428,-0.048033,0.1255826174564684,-0.536325,0.106116,0.1093832499999999,-1.366980003695743,2.3084049737318235,0.8715133851119334,0.6607839821973636,0.7151441506474168,0.210651243283801,3.59004,0.5602129973304679,2.629868381084716,7.253482648333394,26.690301469324,2.8893285508086883,0.2419570952380952,0.0654319999999999,0.2596542542392909,0.00721,0.968873,0.25893525,1.1520836755575414,0.1396941818840762,1.62105156657688,0.7749552828168758,2.262763606438853,0.3508871316706352,10.162198,0.7743692482063104,2.826743872853618,7.299219462376856,162.706053722636,1.7914098005588217,0.0041976904761904,-0.0081865,0.0753657988266902,-0.270785,0.190728,0.0425674999999999,-0.2781401739361805,3.429906898829447,0.3737140929308679,0.2762689188368413,0.3167819280892675,0.0431465006152142,1.2120243317297643,0.3082157148039234,1.4590316916574613,1.274575891398606,5.040273277601,3.0563350437954915,window_3
Limping,-1.99512571875,-1.790662,1.214604358581536,-4.285094,-0.307906,2.3364625,-0.3844763006283835,-1.1649432363669394,10.688529023948494,4.284386410080497,22.128699530328248,0.5481163711194492,127.688046,4.715945723479011,4.6341741621518935,21.472105849949656,19325.56785917885,1.1154946395283851,-1.468417,-1.225962,1.0682001911657435,-3.814517,-0.053745,1.3264675,-0.8885123378557435,-0.1781247449335654,8.103961196172486,2.7905234770851592,16.832284003620767,0.6884149327095858,93.978688,4.216352378844664,4.220668007326046,18.307640842130475,11167.999099123745,1.2997238601579957,9.63025440625,9.6470235,0.6992555771741457,8.009444,11.57337,0.7252915000000026,-0.1262957932734791,0.2704627746134114,23.611262173194916,4.002603070981242,106.5104299198586,0.372554430748745,616.336282,4.777845488087278,5.379469336402179,26.97172108699265,380862.8282599826,0.0362861074102073,0.042127171875,0.034304,0.3167766703724188,-0.720184,0.546045,0.46884075,-0.345283798206136,-0.6107111110135732,1.403031542465452,0.8005746284420769,2.1616315886457764,0.0924929279050523,12.224918575117432,1.0931374696564853,3.959689759982353,16.77465891630857,212.516756293896,1.913805648293203,0.15548803125,0.007876,0.7646713382530956,-0.847069,1.510858,1.446958,0.374599547668894,-1.2423949908403769,2.4420611095043023,0.912422341664722,5.877953601294452,0.135788357911981,33.152928988579426,0.977439030316456,4.519931847664638,20.39615817275692,1296.4480320487617,0.9595876383428004,-0.07806625,-0.0288375,0.1955720405232749,-0.525523,0.233095,0.19571675,-0.813237759431865,-0.2143665181048701,1.0544945552187075,0.5388080040059795,1.4545585654930158,0.1442325388478044,5.687509700545631,0.5161555180558125,2.315754734457966,4.024854369379304,103.28638039791998,2.59305479859636,window_4
Limping,-2.03164596875,-2.292151,1.434546812527021,-5.636927,0.97991,1.73997075,-0.3893510730672956,0.1938106181361201,12.241949566632142,6.850808249426587,22.58636657484501,0.967600201041477,130.02534200000002,5.543718487942892,4.459297702878145,20.192901902957534,21120.2970958477,1.3775008494304866,-1.599197859375,-0.9851295,1.7145413894164132,-6.031747,0.497946,2.71673475,-0.9114903219635244,-0.2478087389444776,13.386196824641464,8.066584410906625,18.33742227036792,1.5254593882525505,102.34866300000002,10.946662448629692,3.638296508401397,14.541850127973976,16494.442270394444,2.250539965458478,10.112027515625,10.11433,2.195204319048251,5.67836,14.90085,2.655059,-0.1178117013142546,-0.2760126545903576,33.30334119410421,8.340655302943599,110.84987261384718,2.371100658892309,647.169761,11.66517316761158,5.297646200329018,26.392664660693423,428697.8173823061,0.240098176489177,0.0685652343749999,0.076938,0.4214738102790589,-0.800123,0.968388,0.63578,-0.0530455047613137,-0.7936683538953724,2.3693015022754684,1.3036969102696283,2.5210183878915795,0.3917445619750196,12.534758085363215,2.357699469133766,2.2732829883031798,5.918603018218759,383.0119462647119,3.12159849236611,-0.103018109375,-0.0899155,0.1577861981888107,-0.444444,0.182009,0.22329575,-0.2674829771348307,-0.6301403588391921,1.1886863730020365,0.8685146013160465,1.240007165529453,0.1983881390118295,6.593159,0.7505692661774436,2.7684463006686477,8.81191698876698,94.418978045604,3.026330101897519,-0.0462614687499999,-0.064943,0.2467192559745266,-0.551903,0.520608,0.32202,0.2086176199579508,-0.3231764726169595,1.4523763959072369,0.944011203855418,1.4338190203585688,0.1163332410654301,5.889776939026067,1.3024206252342785,1.8101556289225864,2.908190080340475,133.28749371297602,3.3550006486681867,window_5
Limping,-1.64661703125,-1.8333185,1.1357532989844363,-3.515152,1.796515,1.89978075,0.6456412428367981,-0.0595110556299647,10.608462073865857,5.849740426918963,17.805472187344353,0.9665558718842776,105.38349,8.557416447968167,4.690955394753552,22.11045167797167,13746.377836382191,1.4669735247267852,-1.94959421875,-1.5515155,1.2837990758485085,-6.491639,-0.640888,0.9493947500000002,-1.9826813111817911,3.553582882378839,11.974468954908344,5.8474631249863975,21.16742244877251,0.8138741978885521,124.77403,10.011740497306208,4.697405046659099,22.221011463163567,18926.325756059592,1.376408623738216,9.414367765625002,8.870856,2.025055113740069,4.906825,14.1829,2.4428012499999987,0.3571427146367816,-0.3194066453065431,30.899219522994706,9.19393888192722,103.2092067056438,0.5063670534567699,602.5195369999999,21.326690190574357,5.298676865807487,26.40671590745975,371420.8677100329,0.2413011644619717,0.01214184375,-0.023918,0.3623136364865399,-0.596546,1.021681,0.51780325,0.4358516831755956,-0.2476141156622002,2.154439783150188,1.336655302470083,1.9342258890834785,0.0844212871343914,9.65288263124848,2.0113141578691,2.077212431462001,4.884389448535403,268.250898215072,3.455919621701709,0.730339171875,0.3850535,0.8282147256059181,-0.378628,2.421626,1.32391925,0.8641290079307254,-0.6362108661278296,5.237640199744021,1.834456087610852,9.205428294528549,0.8828292455566514,46.741707,2.7572195591749846,3.4176379907904235,11.426684428118005,3589.529118325804,1.8152530913625664,-0.0579150937499999,-0.0195115,0.2174652323074971,-0.587609,0.450262,0.1808615,-0.2879364860960072,0.2215784407398531,1.4763994977696189,0.9884978738589464,1.1296941142013532,0.0798348221683806,3.721455416107526,1.6231661202753769,0.7506410038752334,-0.7849055640823424,110.590856597618,3.953188100195156,window_6
Limping,-1.6326504375000002,-1.60207,0.8633424618904836,-4.266791,0.558737,1.2349815,-0.2233031840367067,0.4520502365435499,9.195629085619728,6.039305028612091,17.445131334590712,0.2116359259837638,104.489628,4.844346075328604,5.071787582417506,24.833202336234255,12444.550449965256,1.0647443450933485,-1.24153065625,-0.976572,1.2151218645057815,-5.253765,0.6677,1.20032275,-1.356149695343497,1.879100392525343,10.569557207693911,7.307187512031146,13.41763859787448,0.5021466393199485,79.45796200000001,5.940985729940427,4.252578653122959,18.83201314575393,9335.95408351633,2.210050670267293,9.564017,9.585106,1.7268463923224415,4.065821,13.24855,1.7937212500000008,-0.4588255444879881,1.881247181392812,30.10756835232474,11.165363960884704,104.84221946266324,0.8511815501929557,612.097088,15.54857633121579,5.336872047584244,26.675395764626742,380747.41292630887,0.1831622732803496,0.05537121875,0.038168,0.2783046386874501,-0.863541,0.66169,0.28125125,-0.5441635118100708,0.8445279858345285,1.7496969285515012,1.1714471101229944,1.5125051546517967,0.2383039068245157,6.658697840915165,1.4608971986006971,1.7662206559204106,2.9217267562034968,171.171557908186,3.5767529374203093,0.3593859375,0.261415,0.5373489924460718,-0.453504,1.541234,0.721913,0.7628782984605332,-0.3602773493850675,3.02306206889387,1.24933811269243,5.0864780954964415,0.1820262722209419,23.0007,2.01536237072836,2.912194001370402,7.714131825343694,1120.3572380272,2.085030330754607,-0.0122792343749999,-0.0116505,0.1778992554520625,-0.398421,0.630391,0.1815275,0.945981294409603,3.138909343868412,1.17616790481823,0.8913821895292654,0.8132712377647265,0.2668097832184671,3.2519406290779505,1.5287692505288977,0.696587683053598,-0.5810472825953665,65.432993487996,4.083700125868875,window_7
Limping,-4.17919174,-4.890753999999999,1.1603033140864298,-5.018826,-0.613183,1.6787967499999996,1.3644680316498232,0.8853562557913812,13.51377152521204,2.946859942074353,40.38875897901182,0.8887381774631707,208.959587,2.9926286430540165,4.521366022766758,18.93976521148185,45346.84681750849,0.3130620999221228,-3.4744844800000005,-3.8616445,0.9474058643544748,-5.483139,-1.285725,0.4674942500000001,1.0482648149917004,0.3572446479932312,12.302347447880974,4.683368651373977,33.17707857519554,0.3795860763406501,173.724224,3.637075040831916,4.592986546756071,19.42012523440891,31301.657387827054,0.3500962507499583,8.341177380000003,7.765728,0.9244897275985688,7.592986,10.83371,1.5228505000000006,1.0700494505943263,-0.3651639704009901,20.423121520345617,1.9980745724704876,81.13663270251189,0.391610076245206,417.058869,2.5533994017686688,4.663063323466768,19.84555569356721,175006.42647342812,0.0652261235366355,0.0182416399999999,-0.0055325,0.2431654010402598,-0.458518,0.869797,0.0684802499999999,1.402015268555473,2.986113654271548,1.1661084271988231,0.5356729881667722,1.2745012867961674,0.2412008711947447,4.589059911605397,0.6281609545101619,1.6868856575504685,1.4382088762337668,74.60405985073,2.825038505923064,0.2566934999999999,-0.000251,0.499908683052025,-0.378361,1.395746,0.2763215,1.329429825572587,0.1069633881673497,2.9423461512998754,1.4933195388618323,3.229049790115893,0.2300298170413881,12.834675,1.8343827564059685,1.878013245024456,2.526358484717626,477.104085527917,2.7773152981401528,0.08908292,-0.00379,0.214917586451071,-0.179655,0.637852,0.04056875,1.451162142703591,0.6617648591752348,1.00523633679865,0.3731601604655079,1.4465660298853529,0.0724927448726262,4.725862471386236,0.6922975883279964,1.8017630166078449,1.618950808705928,77.57633429096599,2.395794721462519,window_8
Normal Walk,-1.5677116875,-1.7674415,0.9196520712505368,-3.591533,0.961123,1.39293,0.3214360289723256,-0.0411097547518068,8.02348000316676,3.3263643021608704,17.445071114235585,0.1515841270489698,100.333548,5.372935216810403,4.649096602645109,21.55632038828708,11798.615601342515,1.0399237853673748,-0.4744966562499999,-0.0608105,1.3263286808376844,-3.823845,2.191627,2.2793295,-0.5797157333069991,-0.4491120961304964,9.46553161218796,7.655509858707989,7.169708668554182,1.24425966637228,30.367786,5.840871981673699,1.4841371257233964,1.6621260249366523,4512.032354984658,3.828745373702152,10.168353078125,9.766407,1.1510994263994327,6.058322,13.407,1.1725244999999995,0.0537287647750874,2.1113053419940204,27.8923533671528,6.994061375014511,111.98790297724416,0.254897785607156,650.7745970000001,6.321505601272364,5.370600901146937,26.909472396130028,426216.7612671607,0.0810543285472243,0.0458785,0.0379015,0.215649167856324,-0.559508,0.576688,0.2011125,-0.6535564570737762,1.5658300061495138,1.4738684188887683,1.3907911930227248,1.034981150761336,0.1863894952819571,4.065070735965222,1.500134593998232,0.75547391962728,-0.3070941735345318,103.791171156126,4.061406203657502,-0.12109171875,-0.2246125,0.542571883587974,-0.874248,1.110098,0.8193714999999999,0.5242968460934546,-0.6333143645402641,2.362350404918105,1.0123680803315465,3.890541225971494,0.071180564724363,19.09880856418709,1.5919826501473886,3.10269334084566,9.404050971671651,662.9443349312161,2.055000872247921,0.0024927812499999,0.0087335,0.1410529099143151,-0.304892,0.28772,0.2090395,-0.1949129782684664,-0.8103269816928682,0.822638677674953,0.4688898348927373,0.7721563535299729,0.1594967611295533,4.186130250863622,0.7381172011918111,2.67366340953081,8.617799869205866,40.73471450571199,3.255796038044949,window_0
Normal Walk,-1.353873546875,-1.007599,1.1851551787933845,-3.689244,1.073814,1.88272475,-0.3869721924649528,-0.8934399340427328,9.94419640592932,6.317460413689775,15.017811237108566,0.5795959960623469,86.647907,6.477318958807161,4.163639783021003,18.34681761892133,10381.4942884199,1.8837565696361496,-0.824163953125,-0.5263665,0.859554516617773,-3.490039,0.158633,1.04537125,-1.2509023157091017,0.7167613371831032,7.097981755910024,4.01398376777199,9.144069529560111,0.9538530289449884,52.746493,4.401688030620589,3.9175857645619576,16.531082665753093,4287.85128219716,2.2803403853064066,9.46423775,9.337969,1.572839118011816,4.492938,13.57981,0.997053750000001,0.2370189574882991,1.752138546886871,28.558878723704836,8.089609522056506,103.9600032002916,0.8176042546126633,605.7112159999999,9.711276403465291,5.338976188802267,26.687531169292992,371945.3382195175,0.1551706201017836,-0.18649346875,-0.1832625,0.1925289057723677,-0.89525,0.249739,0.1970495,-0.8605833524439402,2.094985133600934,1.6355099588156574,1.1290034081425606,2.0325441690277284,0.03773123661824,11.935582,0.7565412971984353,4.08455888226706,17.733005674983744,217.796115981882,2.3150594404114075,-0.485158546875,-0.0503455,1.0825791484903788,-3.034459,0.544132,0.8515477499999999,-1.4209205315582705,0.646200503094017,6.064610246950888,2.859600976560919,8.267573895746255,0.2371437817586981,33.432759283191054,3.516702558327772,2.2778853869853366,4.062335486777883,3364.2328182094925,2.6369353157996747,0.06332121875,0.080146,0.1559826296277157,-0.246537,0.584559,0.17106925,0.4218196970417389,1.0910176615915583,1.0750183015109582,0.7942772767568653,0.9540514761471508,0.0759091099806683,4.052557999999999,0.6255305822429453,1.8641105861232763,2.9497590455182143,66.10811416710601,3.503042724809959,window_1
Normal Walk,-0.8387519218749999,-0.9933175,0.818528450353787,-2.453313,2.16134,1.12424675,0.9839930482342096,1.720787172793103,6.425654101024765,3.156536343555137,9.559881200230365,0.2970941350776447,53.680123,5.73221727528405,3.825846049249589,15.839020403677877,4245.771494033099,2.030350189631404,-1.2325428125,-0.8355075,1.3281861016147158,-4.699308,0.967353,1.69357575,-0.7168444040644891,-0.204998214975395,10.473081876726134,6.465590717857419,14.040499773172847,1.7640378044171308,78.88274,7.960048392417098,3.7954244513552,15.087350541716884,9818.27449206644,2.2121532683123992,9.9246103125,10.0616935,2.179234847810407,4.414341,14.1955,2.7398392499999997,-0.4875343433635244,0.0377102369176323,33.1691249287178,10.11871376677898,108.68060506692186,3.0454025981053627,635.17506,12.311784069794731,5.301814859664369,26.422481672617163,413173.272519972,0.2473986492595679,0.0245656718749999,0.016851,0.1908585524596729,-0.365523,0.429868,0.263664,0.0748784584628575,-0.6557908252739475,1.2969750893917784,1.040627284713227,0.8448256099886462,0.0760840254567119,3.342644450155744,0.920217441094235,0.9052339122284268,-0.1423046479530492,76.66799020145599,4.119845310522604,0.355209984375,0.1368435,0.4954454526312183,-0.320272,1.406404,0.8161745,0.6360502875199961,-0.9599674590903896,2.721133731669608,1.05994482197252,4.944348641985182,0.090843508574393,22.733439,1.338886344650717,3.1001467591474285,8.642960267264499,1019.236872932188,1.869946130103589,-0.039574984375,-0.007787,0.1974109877886021,-0.602531,0.264005,0.290045,-0.7542738730598272,0.1209486788569642,1.3278115360632037,0.9567926333570184,0.962317693589337,0.2810116977560815,3.493973071555976,1.427438593657144,0.8973549375996648,-0.3598247929973244,86.052442198324,3.9879219150188985,window_2
Normal Walk,-2.2160285238095234,-2.6701995,0.9338863639736708,-3.144915,1.168468,0.6248087499999997,1.868476285166271,2.8686953880531734,9.070762838168204,4.061800300164568,19.15256359351141,1.425780117677122,93.073198,2.4155869013069013,3.9987463137335952,14.631399133009833,9431.088044065633,0.6494185601979041,-1.6221641666666669,-1.840397,0.571712555120762,-2.48539,0.006433,0.2171400000000001,1.6832224396010087,1.6738941323523129,6.306139064288268,3.085395838183085,13.950874757007997,0.161820227755893,68.13089500000001,1.6479890118399836,4.125718356173099,15.372515923531507,4922.280224061173,0.5138405254646489,9.562346261904764,9.404381,0.5910982396465019,8.1523,11.94098,0.3281577500000008,1.871824651876332,6.067267023868011,22.007981469382347,2.916385733329148,84.91828558958802,0.3360701182415515,401.618543,4.214495684441001,4.242773392661465,16.019042792139967,161604.79599246162,0.0261373588497186,-0.0854771428571428,-0.048033,0.1255826174564684,-0.536325,0.106116,0.1093832499999999,-1.366980003695743,2.3084049737318235,0.8715133851119334,0.6607839821973636,0.7151441506474168,0.210651243283801,3.59004,0.5602129973304679,2.629868381084716,7.253482648333394,26.690301469324,2.8893285508086883,0.2419570952380952,0.0654319999999999,0.2596542542392909,0.00721,0.968873,0.25893525,1.1520836755575414,0.1396941818840762,1.62105156657688,0.7749552828168758,2.262763606438853,0.3508871316706352,10.162198,0.7743692482063104,2.826743872853618,7.299219462376856,162.706053722636,1.7914098005588217,0.0041976904761904,-0.0081865,0.0753657988266902,-0.270785,0.190728,0.0425674999999999,-0.2781401739361805,3.429906898829447,0.3737140929308679,0.2762689188368413,0.3167819280892675,0.0431465006152142,1.2120243317297643,0.3082157148039234,1.4590316916574613,1.274575891398606,5.040273277601,3.0563350437954915,window_3
Limping,-1.99512571875,-1.790662,1.214604358581536,-4.285094,-0.307906,2.3364625,-0.3844763006283835,-1.1649432363669394,10.688529023948494,4.284386410080497,22.128699530328248,0.5481163711194492,127.688046,4.715945723479011,4.6341741621518935,21.472105849949656,19325.56785917885,1.1154946395283851,-1.468417,-1.225962,1.0682001911657435,-3.814517,-0.053745,1.3264675,-0.8885123378557435,-0.1781247449335654,8.103961196172486,2.7905234770851592,16.832284003620767,0.6884149327095858,93.978688,4.216352378844664,4.220668007326046,18.307640842130475,11167.999099123745,1.2997238601579957,9.63025440625,9.6470235,0.6992555771741457,8.009444,11.57337,0.7252915000000026,-0.1262957932734791,0.2704627746134114,23.611262173194916,4.002603070981242,106.5104299198586,0.372554430748745,616.336282,4.777845488087278,5.379469336402179,26.97172108699265,380862.8282599826,0.0362861074102073,0.042127171875,0.034304,0.3167766703724188,-0.720184,0.546045,0.46884075,-0.345283798206136,-0.6107111110135732,1.403031542465452,0.8005746284420769,2.1616315886457764,0.0924929279050523,12.224918575117432,1.0931374696564853,3.959689759982353,16.77465891630857,212.516756293896,1.913805648293203,0.15548803125,0.007876,0.7646713382530956,-0.847069,1.510858,1.446958,0.374599547668894,-1.2423949908403769,2.4420611095043023,0.912422341664722,5.877953601294452,0.135788357911981,33.152928988579426,0.977439030316456,4.519931847664638,20.39615817275692,1296.4480320487617,0.9595876383428004,-0.07806625,-0.0288375,0.1955720405232749,-0.525523,0.233095,0.19571675,-0.813237759431865,-0.2143665181048701,1.0544945552187075,0.5388080040059795,1.4545585654930158,0.1442325388478044,5.687509700545631,0.5161555180558125,2.315754734457966,4.024854369379304,103.28638039791998,2.59305479859636,window_4
Limping,-2.03164596875,-2.292151,1.434546812527021,-5.636927,0.97991,1.73997075,-0.3893510730672956,0.1938106181361201,12.241949566632142,6.850808249426587,22.58636657484501,0.967600201041477,130.02534200000002,5.543718487942892,4.459297702878145,20.192901902957534,21120.2970958477,1.3775008494304866,-1.599197859375,-0.9851295,1.7145413894164132,-6.031747,0.497946,2.71673475,-0.9114903219635244,-0.2478087389444776,13.386196824641464,8.066584410906625,18.33742227036792,1.5254593882525505,102.34866300000002,10.946662448629692,3.638296508401397,14.541850127973976,16494.442270394444,2.250539965458478,10.112027515625,10.11433,2.195204319048251,5.67836,14.90085,2.655059,-0.1178117013142546,-0.2760126545903576,33.30334119410421,8.340655302943599,110.84987261384718,2.371100658892309,647.169761,11.66517316761158,5.297646200329018,26.392664660693423,428697.8173823061,0.240098176489177,0.0685652343749999,0.076938,0.4214738102790589,-0.800123,0.968388,0.63578,-0.0530455047613137,-0.7936683538953724,2.3693015022754684,1.3036969102696283,2.5210183878915795,0.3917445619750196,12.534758085363215,2.357699469133766,2.2732829883031798,5.918603018218759,383.0119462647119,3.12159849236611,-0.103018109375,-0.0899155,0.1577861981888107,-0.444444,0.182009,0.22329575,-0.2674829771348307,-0.6301403588391921,1.1886863730020365,0.8685146013160465,1.240007165529453,0.1983881390118295,6.593159,0.7505692661774436,2.7684463006686477,8.81191698876698,94.418978045604,3.026330101897519,-0.0462614687499999,-0.064943,0.2467192559745266,-0.551903,0.520608,0.32202,0.2086176199579508,-0.3231764726169595,1.4523763959072369,0.944011203855418,1.4338190203585688,0.1163332410654301,5.889776939026067,1.3024206252342785,1.8101556289225864,2.908190080340475,133.28749371297602,3.3550006486681867,window_5
Limping,-1.64661703125,-1.8333185,1.1357532989844363,-3.515152,1.796515,1.89978075,0.6456412428367981,-0.0595110556299647,10.608462073865857,5.849740426918963,17.805472187344353,0.9665558718842776,105.38349,8.557416447968167,4.690955394753552,22.11045167797167,13746.377836382191,1.4669735247267852,-1.94959421875,-1.5515155,1.2837990758485085,-6.491639,-0.640888,0.9493947500000002,-1.9826813111817911,3.553582882378839,11.974468954908344,5.8474631249863975,21.16742244877251,0.8138741978885521,124.77403,10.011740497306208,4.697405046659099,22.221011463163567,18926.325756059592,1.376408623738216,9.414367765625002,8.870856,2.025055113740069,4.906825,14.1829,2.4428012499999987,0.3571427146367816,-0.3194066453065431,30.899219522994706,9.19393888192722,103.2092067056438,0.5063670534567699,602.5195369999999,21.326690190574357,5.298676865807487,26.40671590745975,371420.8677100329,0.2413011644619717,0.01214184375,-0.023918,0.3623136364865399,-0.596546,1.021681,0.51780325,0.4358516831755956,-0.2476141156622002,2.154439783150188,1.336655302470083,1.9342258890834785,0.0844212871343914,9.65288263124848,2.0113141578691,2.077212431462001,4.884389448535403,268.250898215072,3.455919621701709,0.730339171875,0.3850535,0.8282147256059181,-0.378628,2.421626,1.32391925,0.8641290079307254,-0.6362108661278296,5.237640199744021,1.834456087610852,9.205428294528549,0.8828292455566514,46.741707,2.7572195591749846,3.4176379907904235,11.426684428118005,3589.529118325804,1.8152530913625664,-0.0579150937499999,-0.0195115,0.2174652323074971,-0.587609,0.450262,0.1808615,-0.2879364860960072,0.2215784407398531,1.4763994977696189,0.9884978738589464,1.1296941142013532,0.0798348221683806,3.721455416107526,1.6231661202753769,0.7506410038752334,-0.7849055640823424,110.590856597618,3.953188100195156,window_6
Limping,-1.6326504375000002,-1.60207,0.8633424618904836,-4.266791,0.558737,1.2349815,-0.2233031840367067,0.4520502365435499,9.195629085619728,6.039305028612091,17.445131334590712,0.2116359259837638,104.489628,4.844346075328604,5.071787582417506,24.833202336234255,12444.550449965256,1.0647443450933485,-1.24153065625,-0.976572,1.2151218645057815,-5.253765,0.6677,1.20032275,-1.356149695343497,1.879100392525343,10.569557207693911,7.307187512031146,13.41763859787448,0.5021466393199485,79.45796200000001,5.940985729940427,4.252578653122959,18.83201314575393,9335.95408351633,2.210050670267293,9.564017,9.585106,1.7268463923224415,4.065821,13.24855,1.7937212500000008,-0.4588255444879881,1.881247181392812,30.10756835232474,11.165363960884704,104.84221946266324,0.8511815501929557,612.097088,15.54857633121579,5.336872047584244,26.675395764626742,380747.41292630887,0.1831622732803496,0.05537121875,0.038168,0.2783046386874501,-0.863541,0.66169,0.28125125,-0.5441635118100708,0.8445279858345285,1.7496969285515012,1.1714471101229944,1.5125051546517967,0.2383039068245157,6.658697840915165,1.4608971986006971,1.7662206559204106,2.9217267562034968,171.171557908186,3.5767529374203093,0.3593859375,0.261415,0.5373489924460718,-0.453504,1.541234,0.721913,0.7628782984605332,-0.3602773493850675,3.02306206889387,1.24933811269243,5.0864780954964415,0.1820262722209419,23.0007,2.01536237072836,2.912194001370402,7.714131825343694,1120.3572380272,2.085030330754607,-0.0122792343749999,-0.0116505,0.1778992554520625,-0.398421,0.630391,0.1815275,0.945981294409603,3.138909343868412,1.17616790481823,0.8913821895292654,0.8132712377647265,0.2668097832184671,3.2519406290779505,1.5287692505288977,0.696587683053598,-0.5810472825953665,65.432993487996,4.083700125868875,window_7
Limping,-4.17919174,-4.890753999999999,1.1603033140864298,-5.018826,-0.613183,1.6787967499999996,1.3644680316498232,0.8853562557913812,13.51377152521204,2.946859942074353,40.38875897901182,0.8887381774631707,208.959587,2.9926286430540165,4.521366022766758,18.93976521148185,45346.84681750849,0.3130620999221228,-3.4744844800000005,-3.8616445,0.9474058643544748,-5.483139,-1.285725,0.4674942500000001,1.0482648149917004,0.3572446479932312,12.302347447880974,4.683368651373977,33.17707857519554,0.3795860763406501,173.724224,3.637075040831916,4.592986546756071,19.42012523440891,31301.657387827054,0.3500962507499583,8.341177380000003,7.765728,0.9244897275985688,7.592986,10.83371,1.5228505000000006,1.0700494505943263,-0.3651639704009901,20.423121520345617,1.9980745724704876,81.13663270251189,0.391610076245206,417.058869,2.5533994017686688,4.663063323466768,19.84555569356721,175006.42647342812,0.0652261235366355,0.0182416399999999,-0.0055325,0.2431654010402598,-0.458518,0.869797,0.0684802499999999,1.402015268555473,2.986113654271548,1.1661084271988231,0.5356729881667722,1.2745012867961674,0.2412008711947447,4.589059911605397,0.6281609545101619,1.6868856575504685,1.4382088762337668,74.60405985073,2.825038505923064,0.2566934999999999,-0.000251,0.499908683052025,-0.378361,1.395746,0.2763215,1.329429825572587,0.1069633881673497,2.9423461512998754,1.4933195388618323,3.229049790115893,0.2300298170413881,12.834675,1.8343827564059685,1.878013245024456,2.526358484717626,477.104085527917,2.7773152981401528,0.08908292,-0.00379,0.214917586451071,-0.179655,0.637852,0.04056875,1.451162142703591,0.6617648591752348,1.00523633679865,0.3731601604655079,1.4465660298853529,0.0724927448726262,4.725862471386236,0.6922975883279964,1.8017630166078449,1.618950808705928,77.57633429096599,2.395794721462519,window_8
Limping,1.827776328125,1.829011,0.005719203323712,1.816184,1.836618,0.010043,-0.4272012747725316,-0.9846661318223844,3.691440973420724,0.028808925745225,20.346828454838437,0.0040210839178662,116.977685,0.0231380005279378,5.388143488533877,27.03214988910378,13683.845268187912,0.0001111456224119,0.002433328125,0.002581,0.0037166722979648,-0.004527,0.012217,0.00480675,0.6130749647130603,0.1766532556768694,0.0284184919242218,0.0178575721549476,0.028871134039953,0.0052508115161246,0.155733,0.0183931146950184,2.8760453067090714,9.460852739173154,0.052516898048,3.052548265379558,9.570613921875,9.570748,0.0073113432916443,9.556817,9.587845,0.0107757499999987,0.2580912256976951,-0.4422349854503036,19.18537538256099,0.0333416367881408,106.565923726354,0.0109779893703719,612.5192910000001,0.0423250020825323,5.388157991534807,27.03225063813846,375179.9913030682,7.795555912963285e-06,-0.0001821875,7.2e-05,0.000565980147482,-0.001793,0.000338,0.000267,-1.654998522385636,1.975980417805789,0.0032050341794572,0.001402261659532,0.0037802414153742,0.0003552944263604,0.0142441115323952,0.0024851488618625,1.7021868124556407,1.62454488860799,0.000785999016,3.076555168941075,-0.000280734375,-1.4e-05,0.0009145661068607,-0.002945,0.000785,0.000533,-1.6366072147933348,1.6749560401649246,0.0048412268856297,0.0021535951672994,0.006338929384514,0.0001445284452727,0.0240138147504018,0.0022140873064265,1.9076833576580268,2.0643930869408607,0.002035824112,2.820246187242456,0.0001199843749999,-3.8e-05,0.0003005727081437,-0.000305,0.000761,0.000266,0.647268583261203,-0.2360459990018757,0.0020629068924094,0.0013803196188147,0.0018355239451582,0.0002506036211638,0.007679,0.0013690901768942,1.8049635170934388,2.768222858987749,0.000243991456,3.5131392446351124,window_0
Limping,1.829903078125,1.830145,0.0041992638986817,1.820611,1.839453,0.0057072500000001,-0.0372713356321753,-0.5000241747781398,3.687415264725134,0.0276033716631879,20.37198793405396,0.0021858783027732,117.113797,0.0202656274006216,5.388151965736519,27.032208780244844,13715.67755903258,6.301199407318153e-05,0.00361515625,0.0026994999999999,0.0054498303334219,-0.006966,0.016961,0.01009725,0.145107005519734,-0.8805304779568148,0.037472547270165,0.0240810299127494,0.0462656478511351,0.0041598194132915,0.23137,0.0226367986239959,2.867208275102441,8.22123348331175,0.11343046304,2.638846074843683,9.574011859375,9.573734,0.0077820161688407,9.559199,9.588057,0.0137627499999997,-0.0289465765624739,-1.0460010762057028,19.19627161248267,0.0407245825301396,106.60302541055678,0.0020559041049595,612.7367589999999,0.0427447052724161,5.388157943537421,27.032250304818497,375446.4598561289,8.824634945260368e-06,-4.476562499999999e-05,7.2e-05,0.0002658881192219,-0.000727,0.000338,0.000267,-0.7373771323466928,0.2416820186834645,0.0018694604968594,0.0017200011465949,0.0011321635595981,0.0001861747174717,0.0053355362101905,0.0009484139289198,1.357292867695818,2.012534691388627,0.00015285366,4.159326521643716,0.00012315625,0.000252,0.0002747463727439,-0.000281,0.000519,0.000266,-0.0418412853557059,-1.141057401195244,0.0019694542659757,0.0015874556283985,0.00169288879042,0.0001792387018886,0.007882,0.0017974667071461,1.856184758754314,3.60045728363934,0.000215827922,3.575919235002554,5.745312500000001e-05,9.5e-05,0.0002227854860684,-0.000305,0.000495,0.000266,-0.273612289927311,-0.8228462619975603,0.0014900484321974,0.0010495187757852,0.001162341567572,6.123368185152003e-05,0.0048281303480141,0.0014264250792681,1.2424922069911768,0.8926589939193894,0.000114281032,3.83712507945178,window_1
Limping,1.830937125,1.831169,0.0057751569120998,1.820499,1.843312,0.0084245,0.2349193768605858,-0.4934638213356868,3.688622892719262,0.0261193185059982,14.17548213449516,0.0047351022224908,58.589988,0.018496721877369,3.614775175410765,11.066625116785382,3432.8037214413444,0.0001095904181671,0.0049996875,0.00499,0.0051204313443638,-0.004602,0.019355,0.0048555,0.4814657910817696,0.5371061676462898,0.0314778897381707,0.0206652253285741,0.0379654594682004,0.0035475256218089,0.15999,0.0320821757028342,2.3358995053156946,5.351270351929042,0.03891573848,1.8820765595962048,9.56789234375,9.568024,0.0064415419912927,9.542954,9.577996,0.0068234999999994,-1.618153822023107,4.720288022771507,19.168502131672152,0.0377514437164691,74.10412895175907,0.009352314410735,306.172555,0.0209188047985424,3.614784264424753,11.066665807228556,93741.65442673369,6.068675641058666e-06,-0.00010315625,-0.000195,0.0001838729366599,-0.000461,0.000338,0.000267,0.0024059343604657,-0.2797403488740295,0.0011076632026769,0.0009959099179392,0.0007306081230286,0.0003126158514575,0.003301,0.0008708809724835,1.5349963473207406,2.501264711619344,2.8171296e-05,3.0240087570224903,7.73125e-05,0.000252,0.0002873462020694,-0.000813,0.000519,0.000266,-0.8623177583053012,0.9190600066145684,0.0014505315603316,0.0013136156634584,0.0009301756917281,0.000129229660127,0.0033901340764854,0.0016079230593707,0.2870529849843194,-0.9246039957910795,4.750829800000001e-05,3.242845245034154,2.8375000000000005e-05,-3.8e-05,0.0001998334853696,-0.000305,0.000495,0.000266,-0.0020859357261423,-0.5126445819811569,0.001054593289709,0.0009821515144287,0.0004565669373713,0.0004538816205576,0.0025132420302433,0.0003640627245735,1.845699643504879,3.867853147199251,2.1129926e-05,3.4771872135741817,window_2
